record_id,delay_risk
R00001,1
R00002,1
R00003,1
R00004,1
R00005,0
R00006,0
R00007,0
R00008,1
R00009,1
R00010,0
R00011,1
R00012,1
R00013,1
R00014,1
R00015,1
R00016,1
R00017,1
R00018,1
R00019,1
R00020,1
R00021,1
R00022,0
R00023,1
R00024,1
R00025,1
R00026,1
R00027,1
R00028,0
R00029,1
R00030,1
R00031,1
R00032,1
R00033,0
R00034,0
R00035,0
R00036,0
R00037,1
R00038,0
R00039,1
R00040,1
R00041,1
R00042,1
R00043,1
R00044,0
R00045,0
R00046,1
R00047,1
R00048,0
R00049,0
R00050,1
R00051,1
R00052,1
R00053,1
R00054,1
R00055,1
R00056,1
R00057,1
R00058,1
R00059,1
R00060,0
R00061,1
R00062,1
R00063,0
R00064,1
R00065,0
R00066,1
R00067,1
R00068,0
R00069,0
R00070,1
R00071,1
R00072,1
R00073,0
R00074,1
R00075,0
R00076,1
R00077,1
R00078,1
R00079,1
R00080,1
R00081,1
R00082,1
R00083,0
R00084,0
R00085,1
R00086,1
R00087,0
R00088,1
R00089,0
R00090,0
R00091,1
R00092,1
R00093,1
R00094,0
R00095,1
R00096,1
R00097,0
R00098,1
R00099,0
R00100,1
R00101,0
R00102,1
R00103,0
R00104,0
R00105,1
R00106,1
R00107,1
R00108,0
R00109,1
R00110,1
R00111,1
R00112,1
R00113,1
R00114,1
R00115,1
R00116,1
R00117,1
R00118,1
R00119,1
R00120,0
R00121,1
R00122,1
R00123,1
R00124,1
R00125,0
R00126,1
R00127,0
R00128,0
R00129,1
R00130,1
R00131,1
R00132,1
R00133,1
R00134,1
R00135,1
R00136,0
R00137,0
R00138,0
R00139,1
R00140,0
R00141,1
R00142,1
R00143,0
R00144,1
R00145,1
R00146,0
R00147,0
R00148,1
R00149,0
R00150,0
R00151,0
R00152,1
R00153,1
R00154,0
R00155,1
R00156,0
R00157,0
R00158,1
R00159,1
R00160,1
R00161,1
R00162,1
R00163,1
R00164,1
R00165,1
R00166,0
R00167,1
R00168,0
R00169,1
R00170,0
R00171,0
R00172,0
R00173,0
R00174,1
R00175,0
R00176,1
R00177,1
R00178,1
R00179,1
R00180,1
R00181,1
R00182,1
R00183,1
R00184,1
R00185,1
R00186,1
R00187,0
R00188,0
R00189,1
R00190,1
R00191,1
R00192,0
R00193,0
R00194,0
R00195,1
R00196,0
R00197,1
R00198,1
R00199,0
R00200,1
R00201,0
R00202,0
R00203,1
R00204,1
R00205,0
R00206,0
R00207,1
R00208,1
R00209,0
R00210,1
R00211,1
R00212,1
R00213,1
R00214,1
R00215,1
R00216,1
R00217,0
R00218,0
R00219,1
R00220,1
R00221,1
R00222,0
R00223,0
R00224,0
R00225,1
R00226,0
R00227,0
R00228,1
R00229,1
R00230,1
R00231,1
R00232,0
R00233,0
R00234,0
R00235,1
R00236,1
R00237,1
R00238,1
R00239,1
R00240,1
R00241,1
R00242,1
R00243,0
R00244,1
R00245,1
R00246,0
R00247,1
R00248,1
R00249,1
R00250,1
R00251,1
R00252,1
R00253,1
R00254,1
R00255,1
R00256,0
R00257,1
R00258,1
R00259,0
R00260,1
R00261,1
R00262,1
R00263,1
R00264,1
R00265,1
R00266,1
R00267,1
R00268,1
R00269,1
R00270,1
R00271,0
R00272,0
R00273,1
R00274,1
R00275,1
R00276,1
R00277,1
R00278,0
R00279,1
R00280,0
R00281,1
R00282,1
R00283,1
R00284,1
R00285,1
R00286,1
R00287,1
R00288,1
R00289,1
R00290,1
R00291,0
R00292,0
R00293,0
R00294,1
R00295,1
R00296,1
R00297,0
R00298,1
R00299,1
R00300,0
R00301,0
R00302,0
R00303,1
R00304,1
R00305,1
R00306,1
R00307,1
R00308,0
R00309,0
R00310,1
R00311,1
R00312,1
R00313,0
R00314,1
R00315,1
R00316,0
R00317,1
R00318,1
R00319,1
R00320,1
R00321,0
R00322,1
R00323,0
R00324,1
R00325,0
R00326,1
R00327,0
R00328,0
R00329,1
R00330,1
R00331,1
R00332,1
R00333,0
R00334,0
R00335,1
R00336,1
R00337,1
R00338,1
R00339,0
R00340,1
R00341,0
R00342,1
R00343,1
R00344,1
R00345,1
R00346,0
R00347,1
R00348,1
R00349,1
R00350,1
R00351,1
R00352,0
R00353,1
R00354,1
R00355,1
R00356,1
R00357,1
R00358,1
R00359,0
R00360,1
R00361,0
R00362,0
R00363,1
R00364,0
R00365,1
R00366,1
R00367,1
R00368,0
R00369,0
R00370,1
R00371,0
R00372,1
R00373,1
R00374,0
R00375,1
R00376,1
R00377,1
R00378,1
R00379,0
R00380,1
R00381,1
R00382,1
R00383,1
R00384,1
R00385,0
R00386,0
R00387,0
R00388,1
R00389,1
R00390,1
R00391,1
R00392,0
R00393,0
R00394,1
R00395,1
R00396,1
R00397,0
R00398,0
R00399,0
R00400,0
R00401,1
R00402,1
R00403,0
R00404,0
R00405,1
R00406,1
R00407,1
R00408,1
R00409,1
R00410,0
R00411,1
R00412,0
R00413,0
R00414,1
R00415,0
R00416,1
R00417,1
R00418,0
R00419,1
R00420,1
R00421,1
R00422,1
R00423,1
R00424,1
R00425,1
R00426,1
R00427,1
R00428,1
R00429,0
R00430,1
R00431,0
R00432,1
R00433,0
R00434,0
R00435,1
R00436,0
R00437,1
R00438,1
R00439,1
R00440,1
R00441,1
R00442,1
R00443,1
R00444,0
R00445,1
R00446,1
R00447,0
R00448,1
R00449,1
R00450,1
R00451,1
R00452,1
R00453,1
R00454,0
R00455,1
R00456,0
R00457,1
R00458,1
R00459,0
R00460,1
R00461,0
R00462,0
R00463,1
R00464,0
R00465,0
R00466,1
R00467,0
R00468,1
R00469,0
R00470,1
R00471,1
R00472,1
R00473,0
R00474,1
R00475,1
R00476,1
R00477,1
R00478,0
R00479,1
R00480,1
R00481,0
R00482,0
R00483,1
R00484,1
R00485,1
R00486,1
R00487,0
R00488,1
R00489,1
R00490,1
R00491,1
R00492,0
R00493,0
R00494,1
R00495,1
R00496,1
R00497,1
R00498,1
R00499,1
R00500,1
R00501,1
R00502,0
R00503,1
R00504,1
R00505,1
R00506,1
R00507,1
R00508,1
R00509,1
R00510,1
R00511,1
R00512,1
R00513,0
R00514,1
R00515,1
R00516,1
R00517,0
R00518,0
R00519,0
R00520,1
R00521,0
R00522,1
R00523,1
R00524,1
R00525,1
R00526,0
R00527,1
R00528,1
R00529,1
R00530,1
R00531,1
R00532,0
R00533,1
R00534,1
R00535,0
R00536,0
R00537,1
R00538,0
R00539,0
R00540,1
R00541,1
R00542,0
R00543,1
R00544,1
R00545,1
R00546,0
R00547,1
R00548,1
R00549,1
R00550,0
R00551,0
R00552,0
R00553,0
R00554,1
R00555,1
R00556,1
R00557,1
R00558,0
R00559,1
R00560,1
R00561,1
R00562,1
R00563,1
R00564,1
R00565,0
R00566,0
R00567,1
R00568,1
R00569,1
R00570,0
R00571,0
R00572,1
R00573,1
R00574,1
R00575,0
R00576,1
R00577,1
R00578,1
R00579,1
R00580,1
R00581,1
R00582,0
R00583,1
R00584,1
R00585,1
R00586,1
R00587,1
R00588,0
R00589,0
R00590,0
R00591,1
R00592,1
R00593,1
R00594,1
R00595,0
R00596,0
R00597,1
R00598,1
R00599,1
R00600,0
R00601,1
R00602,1
R00603,1
R00604,0
R00605,0
R00606,1
R00607,0
R00608,1
R00609,1
R00610,1
R00611,1
R00612,1
R00613,1
R00614,1
R00615,1
R00616,0
R00617,1
R00618,1
R00619,0
R00620,0
R00621,1
R00622,1
R00623,0
R00624,0
R00625,0
R00626,0
R00627,1
R00628,0
R00629,1
R00630,0
R00631,1
R00632,1
R00633,1
R00634,1
R00635,1
R00636,0
R00637,0
R00638,1
R00639,1
R00640,1
R00641,1
R00642,1
R00643,0
R00644,1
R00645,1
R00646,0
R00647,1
R00648,1
R00649,1
R00650,1
R00651,1
R00652,1
R00653,1
R00654,0
R00655,1
R00656,1
R00657,1
R00658,1
R00659,0
R00660,1
R00661,1
R00662,1
R00663,1
R00664,1
R00665,1
R00666,0
R00667,1
R00668,0
R00669,1
R00670,1
R00671,1
R00672,1
R00673,1
R00674,0
R00675,1
R00676,1
R00677,1
R00678,1
R00679,1
R00680,1
R00681,0
R00682,1
R00683,1
R00684,1
R00685,1
R00686,0
R00687,1
R00688,1
R00689,1
R00690,1
R00691,1
R00692,1
R00693,1
R00694,1
R00695,0
R00696,1
R00697,1
R00698,1
R00699,1
R00700,0
R00701,1
R00702,1
R00703,1
R00704,1
R00705,1
R00706,1
R00707,0
R00708,0
R00709,1
R00710,1
R00711,1
R00712,1
R00713,0
R00714,1
R00715,0
R00716,1
R00717,1
R00718,1
R00719,0
R00720,1
R00721,1
R00722,1
R00723,1
R00724,1
R00725,0
R00726,1
R00727,1
R00728,0
R00729,1
R00730,1
R00731,0
R00732,1
R00733,1
R00734,1
R00735,1
R00736,1
R00737,1
R00738,0
R00739,1
R00740,0
R00741,0
R00742,0
R00743,1
R00744,1
R00745,1
R00746,0
R00747,1
R00748,0
R00749,0
R00750,1
R00751,1
R00752,1
R00753,0
R00754,1
R00755,1
R00756,1
R00757,1
R00758,1
R00759,1
R00760,1
R00761,0
R00762,1
R00763,1
R00764,1
R00765,0
R00766,1
R00767,1
R00768,1
R00769,1
R00770,0
R00771,0
R00772,1
R00773,0
R00774,0
R00775,0
R00776,1
R00777,1
R00778,0
R00779,1
R00780,1
R00781,1
R00782,1
R00783,0
R00784,1
R00785,1
R00786,1
R00787,0
R00788,1
R00789,1
R00790,0
R00791,1
R00792,1
R00793,1
R00794,0
R00795,1
R00796,1
R00797,1
R00798,1
R00799,1
R00800,1
R00801,0
R00802,0
R00803,1
R00804,0
R00805,1
R00806,1
R00807,1
R00808,0
R00809,0
R00810,1
R00811,0
R00812,0
R00813,1
R00814,1
R00815,1
R00816,0
R00817,1
R00818,1
R00819,0
R00820,1
R00821,1
R00822,0
R00823,0
R00824,1
R00825,1
R00826,0
R00827,1
R00828,0
R00829,1
R00830,1
R00831,1
R00832,1
R00833,1
R00834,1
R00835,1
R00836,1
R00837,0
R00838,1
R00839,0
R00840,1
R00841,0
R00842,1
R00843,1
R00844,1
R00845,0
R00846,0
R00847,0
R00848,0
R00849,1
R00850,1
R00851,0
R00852,1
R00853,1
R00854,0
R00855,1
R00856,0
R00857,1
R00858,0
R00859,0
R00860,0
R00861,1
R00862,1
R00863,0
R00864,1
R00865,0
R00866,1
R00867,1
R00868,0
R00869,1
R00870,0
R00871,1
R00872,1
R00873,1
R00874,1
R00875,1
R00876,0
R00877,1
R00878,1
R00879,1
R00880,1
R00881,0
R00882,1
R00883,1
R00884,1
R00885,0
R00886,0
R00887,0
R00888,1
R00889,0
R00890,1
R00891,1
R00892,1
R00893,1
R00894,1
R00895,1
R00896,1
R00897,1
R00898,0
R00899,1
R00900,1
R00901,0
R00902,0
R00903,1
R00904,0
R00905,1
R00906,1
R00907,1
R00908,1
R00909,1
R00910,0
R00911,1
R00912,1
R00913,0
R00914,1
R00915,1
R00916,1
R00917,1
R00918,1
R00919,1
R00920,0
R00921,0
R00922,0
R00923,1
R00924,1
R00925,1
R00926,1
R00927,1
R00928,1
R00929,0
R00930,1
R00931,1
R00932,1
R00933,0
R00934,0
R00935,0
R00936,1
R00937,1
R00938,1
R00939,0
R00940,1
R00941,0
R00942,1
R00943,1
R00944,0
R00945,1
R00946,1
R00947,1
R00948,1
R00949,0
R00950,1
R00951,0
R00952,0
R00953,1
R00954,1
R00955,0
R00956,1
R00957,0
R00958,1
R00959,0
R00960,1
R00961,1
R00962,1
R00963,0
R00964,1
R00965,1
R00966,1
R00967,1
R00968,0
R00969,1
R00970,1
R00971,1
R00972,1
R00973,0
R00974,0
R00975,1
R00976,1
R00977,0
R00978,1
R00979,1
R00980,1
R00981,0
R00982,1
R00983,1
R00984,1
R00985,1
R00986,0
R00987,1
R00988,0
R00989,1
R00990,1
R00991,0
R00992,1
R00993,1
R00994,1
R00995,1
R00996,1
R00997,1
R00998,1
R00999,1
R01000,1
R01001,0
R01002,1
R01003,1
R01004,0
R01005,1
R01006,1
R01007,0
R01008,1
R01009,1
R01010,1
R01011,1
R01012,1
R01013,1
R01014,0
R01015,1
R01016,0
R01017,0
R01018,1
R01019,0
R01020,0
R01021,0
R01022,1
R01023,1
R01024,0
R01025,0
R01026,0
R01027,0
R01028,1
R01029,0
R01030,0
R01031,1
R01032,1
R01033,1
R01034,1
R01035,0
R01036,1
R01037,0
R01038,0
R01039,1
R01040,1
R01041,1
R01042,0
R01043,1
R01044,0
R01045,1
R01046,0
R01047,1
R01048,1
R01049,0
R01050,1
R01051,1
R01052,1
R01053,1
R01054,1
R01055,1
R01056,1
R01057,1
R01058,1
R01059,0
R01060,0
R01061,0
R01062,1
R01063,1
R01064,1
R01065,1
R01066,0
R01067,1
R01068,1
R01069,1
R01070,0
R01071,1
R01072,1
R01073,1
R01074,0
R01075,0
R01076,0
R01077,0
R01078,1
R01079,1
R01080,0
R01081,1
R01082,1
R01083,0
R01084,0
R01085,0
R01086,0
R01087,0
R01088,1
R01089,0
R01090,0
R01091,1
R01092,1
R01093,1
R01094,1
R01095,1
R01096,1
R01097,0
R01098,1
R01099,1
R01100,1
R01101,1
R01102,1
R01103,0
R01104,1
R01105,0
R01106,0
R01107,1
R01108,1
R01109,1
R01110,0
R01111,1
R01112,0
R01113,1
R01114,0
R01115,1
R01116,1
R01117,1
R01118,0
R01119,1
R01120,1
R01121,0
R01122,0
R01123,1
R01124,0
R01125,0
R01126,0
R01127,0
R01128,1
R01129,1
R01130,1
R01131,1
R01132,1
R01133,1
R01134,1
R01135,1
R01136,0
R01137,0
R01138,0
R01139,1
R01140,1
R01141,1
R01142,1
R01143,1
R01144,0
R01145,1
R01146,0
R01147,0
R01148,0
R01149,1
R01150,0
R01151,1
R01152,1
R01153,1
R01154,1
R01155,1
R01156,1
R01157,1
R01158,1
R01159,0
R01160,0
R01161,1
R01162,1
R01163,1
R01164,1
R01165,1
R01166,1
R01167,0
R01168,1
R01169,0
R01170,1
R01171,0
R01172,1
R01173,1
R01174,0
R01175,0
R01176,0
R01177,1
R01178,1
R01179,1
R01180,0
R01181,1
R01182,1
R01183,1
R01184,1
R01185,1
R01186,0
R01187,1
R01188,0
R01189,1
R01190,0
R01191,1
R01192,0
R01193,0
R01194,1
R01195,1
R01196,1
R01197,1
R01198,1
R01199,0
R01200,0
R01201,0
R01202,1
R01203,1
R01204,1
R01205,1
R01206,1
R01207,1
R01208,1
R01209,1
R01210,1
R01211,1
R01212,1
R01213,1
R01214,0
R01215,0
R01216,1
R01217,1
R01218,1
R01219,1
R01220,1
R01221,1
R01222,1
R01223,1
R01224,1
R01225,1
R01226,1
R01227,1
R01228,1
R01229,1
R01230,1
R01231,0
R01232,0
R01233,1
R01234,1
R01235,0
R01236,1
R01237,1
R01238,1
R01239,1
R01240,0
R01241,1
R01242,1
R01243,1
R01244,1
R01245,1
R01246,1
R01247,1
R01248,1
R01249,0
R01250,0
R01251,1
R01252,1
R01253,0
R01254,1
R01255,0
R01256,0
R01257,0
R01258,1
R01259,1
R01260,0
R01261,1
R01262,1
R01263,1
R01264,1
R01265,1
R01266,1
R01267,1
R01268,1
R01269,1
R01270,0
R01271,0
R01272,1
R01273,1
R01274,1
R01275,1
R01276,1
R01277,1
R01278,1
R01279,0
R01280,1
R01281,1
R01282,1
R01283,0
R01284,0
R01285,1
R01286,0
R01287,1
R01288,1
R01289,0
R01290,1
R01291,0
R01292,1
R01293,1
R01294,0
R01295,1
R01296,1
R01297,1
R01298,1
R01299,1
R01300,0
R01301,0
R01302,1
R01303,1
R01304,1
R01305,1
R01306,1
R01307,0
R01308,0
R01309,1
R01310,1
R01311,1
R01312,1
R01313,1
R01314,0
R01315,1
R01316,1
R01317,1
R01318,1
R01319,1
R01320,0
R01321,1
R01322,0
R01323,1
R01324,0
R01325,0
R01326,0
R01327,1
R01328,0
R01329,1
R01330,0
R01331,1
R01332,1
R01333,1
R01334,0
R01335,1
R01336,1
R01337,1
R01338,0
R01339,1
R01340,1
R01341,1
R01342,1
R01343,1
R01344,1
R01345,1
R01346,0
R01347,0
R01348,0
R01349,1
R01350,1
R01351,0
R01352,0
R01353,1
R01354,1
R01355,1
R01356,0
R01357,1
R01358,0
R01359,1
R01360,0
R01361,0
R01362,1
R01363,0
R01364,1
R01365,1
R01366,1
R01367,0
R01368,1
R01369,1
R01370,0
R01371,0
R01372,1
R01373,1
R01374,1
R01375,0
R01376,1
R01377,1
R01378,0
R01379,1
R01380,0
R01381,0
R01382,1
R01383,0
R01384,0
R01385,0
R01386,1
R01387,1
R01388,1
R01389,0
R01390,1
R01391,0
R01392,1
R01393,1
R01394,1
R01395,1
R01396,1
R01397,0
R01398,1
R01399,0
R01400,0
R01401,1
R01402,1
R01403,1
R01404,1
R01405,1
R01406,1
R01407,1
R01408,1
R01409,0
R01410,1
R01411,0
R01412,1
R01413,0
R01414,1
R01415,0
R01416,0
R01417,1
R01418,1
R01419,0
R01420,1
R01421,1
R01422,0
R01423,1
R01424,1
R01425,1
R01426,1
R01427,0
R01428,1
R01429,1
R01430,1
R01431,1
R01432,1
R01433,1
R01434,1
R01435,0
R01436,1
R01437,1
R01438,1
R01439,0
R01440,1
R01441,1
R01442,1
R01443,1
R01444,1
R01445,1
R01446,0
R01447,1
R01448,1
R01449,1
R01450,1
R01451,1
R01452,0
R01453,0
R01454,0
R01455,1
R01456,1
R01457,1
R01458,1
R01459,1
R01460,1
R01461,1
R01462,1
R01463,0
R01464,0
R01465,1
R01466,0
R01467,1
R01468,0
R01469,1
R01470,0
R01471,0
R01472,1
R01473,0
R01474,1
R01475,1
R01476,1
R01477,0
R01478,1
R01479,1
R01480,1
R01481,1
R01482,0
R01483,1
R01484,1
R01485,1
R01486,0
R01487,1
R01488,0
R01489,0
R01490,1
R01491,1
R01492,1
R01493,0
R01494,0
R01495,0
R01496,1
R01497,1
R01498,1
R01499,0
R01500,1
R01501,0
R01502,0
R01503,1
R01504,1
R01505,1
R01506,1
R01507,1
R01508,0
R01509,0
R01510,0
R01511,0
R01512,0
R01513,1
R01514,0
R01515,1
R01516,1
R01517,1
R01518,0
R01519,1
R01520,0
R01521,0
R01522,0
R01523,0
R01524,1
R01525,1
R01526,1
R01527,0
R01528,0
R01529,1
R01530,0
R01531,0
R01532,0
R01533,1
R01534,1
R01535,1
R01536,0
R01537,1
R01538,1
R01539,1
R01540,1
R01541,1
R01542,1
R01543,0
R01544,0
R01545,0
R01546,1
R01547,0
R01548,0
R01549,1
R01550,0
R01551,1
R01552,0
R01553,1
R01554,1
R01555,1
R01556,1
R01557,0
R01558,1
R01559,0
R01560,1
R01561,1
R01562,1
R01563,0
R01564,1
R01565,1
R01566,1
R01567,1
R01568,0
R01569,1
R01570,1
R01571,0
R01572,0
R01573,1
R01574,1
R01575,1
R01576,0
R01577,1
R01578,1
R01579,1
R01580,1
R01581,1
R01582,1
R01583,1
R01584,1
R01585,1
R01586,1
R01587,1
R01588,0
R01589,0
R01590,0
R01591,0
R01592,0
R01593,0
R01594,0
R01595,1
R01596,1
R01597,1
R01598,1
R01599,0
R01600,1
R01601,0
R01602,0
R01603,1
R01604,1
R01605,1
R01606,0
R01607,1
R01608,1
R01609,1
R01610,0
R01611,1
R01612,1
R01613,1
R01614,1
R01615,1
R01616,1
R01617,1
R01618,1
R01619,0
R01620,1
R01621,0
R01622,1
R01623,0
R01624,1
R01625,0
R01626,1
R01627,1
R01628,1
R01629,1
R01630,1
R01631,1
R01632,1
R01633,0
R01634,0
R01635,1
R01636,1
R01637,1
R01638,1
R01639,1
R01640,1
R01641,1
R01642,0
R01643,1
R01644,1
R01645,1
R01646,1
R01647,0
R01648,1
R01649,1
R01650,0
R01651,1
R01652,0
R01653,0
R01654,1
R01655,1
R01656,1
R01657,0
R01658,1
R01659,0
R01660,1
R01661,0
R01662,0
R01663,1
R01664,0
R01665,1
R01666,1
R01667,1
R01668,1
R01669,0
R01670,1
R01671,1
R01672,1
R01673,1
R01674,1
R01675,1
R01676,1
R01677,1
R01678,1
R01679,1
R01680,0
R01681,1
R01682,0
R01683,1
R01684,1
R01685,0
R01686,1
R01687,1
R01688,1
R01689,1
R01690,1
R01691,0
R01692,0
R01693,1
R01694,1
R01695,1
R01696,1
R01697,1
R01698,1
R01699,1
R01700,1
R01701,1
R01702,1
R01703,0
R01704,1
R01705,1
R01706,1
R01707,1
R01708,0
R01709,1
R01710,1
R01711,0
R01712,1
R01713,1
R01714,1
R01715,1
R01716,1
R01717,1
R01718,0
R01719,1
R01720,1
R01721,1
R01722,1
R01723,1
R01724,1
R01725,1
R01726,1
R01727,1
R01728,1
R01729,1
R01730,1
R01731,1
R01732,1
R01733,1
R01734,1
R01735,0
R01736,1
R01737,1
R01738,0
R01739,0
R01740,1
R01741,1
R01742,1
R01743,1
R01744,0
R01745,1
R01746,1
R01747,1
R01748,0
R01749,1
R01750,0
R01751,1
R01752,0
R01753,1
R01754,0
R01755,1
R01756,0
R01757,0
R01758,1
R01759,1
R01760,1
R01761,0
R01762,0
R01763,0
R01764,0
R01765,1
R01766,0
R01767,1
R01768,1
R01769,0
R01770,1
R01771,0
R01772,1
R01773,0
R01774,0
R01775,1
R01776,1
R01777,0
R01778,1
R01779,0
R01780,1
R01781,1
R01782,1
R01783,0
R01784,1
R01785,1
R01786,1
R01787,1
R01788,0
R01789,1
R01790,0
R01791,1
R01792,0
R01793,1
R01794,0
R01795,1
R01796,1
R01797,1
R01798,1
R01799,1
R01800,1
R01801,0
R01802,1
R01803,1
R01804,1
R01805,0
R01806,0
R01807,0
R01808,1
R01809,0
R01810,1
R01811,0
R01812,0
R01813,0
R01814,1
R01815,0
R01816,1
R01817,0
R01818,1
R01819,1
R01820,1
R01821,0
R01822,1
R01823,0
R01824,0
R01825,1
R01826,1
R01827,1
R01828,1
R01829,1
R01830,1
R01831,1
R01832,1
R01833,0
R01834,0
R01835,1
R01836,1
R01837,1
R01838,0
R01839,1
R01840,1
R01841,1
R01842,0
R01843,1
R01844,1
R01845,1
R01846,1
R01847,1
R01848,0
R01849,0
R01850,1
R01851,0
R01852,1
R01853,1
R01854,1
R01855,1
R01856,1
R01857,1
R01858,1
R01859,0
R01860,1
R01861,0
R01862,0
R01863,1
R01864,0
R01865,0
R01866,1
R01867,1
R01868,1
R01869,0
R01870,1
R01871,1
R01872,1
R01873,0
R01874,1
R01875,1
R01876,1
R01877,1
R01878,0
R01879,0
R01880,1
R01881,1
R01882,1
R01883,1
R01884,0
R01885,1
R01886,1
R01887,0
R01888,1
R01889,0
R01890,1
R01891,1
R01892,1
R01893,0
R01894,1
R01895,1
R01896,1
R01897,0
R01898,0
R01899,0
R01900,0
R01901,1
R01902,0
R01903,1
R01904,1
R01905,0
R01906,1
R01907,1
R01908,1
R01909,0
R01910,1
R01911,0
R01912,0
R01913,0
R01914,1
R01915,0
R01916,1
R01917,0
R01918,1
R01919,1
R01920,1
R01921,0
R01922,1
R01923,1
R01924,0
R01925,0
R01926,1
R01927,0
R01928,0
R01929,1
R01930,1
R01931,1
R01932,1
R01933,1
R01934,1
R01935,0
R01936,1
R01937,0
R01938,1
R01939,1
R01940,1
R01941,1
R01942,1
R01943,0
R01944,1
R01945,1
R01946,1
R01947,1
R01948,1
R01949,0
R01950,0
R01951,1
R01952,1
R01953,0
R01954,1
R01955,0
R01956,1
R01957,1
R01958,1
R01959,1
R01960,1
R01961,1
R01962,1
R01963,1
R01964,1
R01965,0
R01966,1
R01967,0
R01968,1
R01969,0
R01970,1
R01971,0
R01972,1
R01973,1
R01974,1
R01975,1
R01976,0
R01977,1
R01978,0
R01979,1
R01980,1
R01981,1
R01982,1
R01983,1
R01984,1
R01985,1
R01986,1
R01987,1
R01988,1
R01989,1
R01990,1
R01991,1
R01992,1
R01993,1
R01994,1
R01995,0
R01996,0
R01997,1
R01998,1
R01999,1
R02000,1
R02001,1
R02002,1
R02003,0
R02004,1
R02005,1
R02006,1
R02007,1
R02008,1
R02009,1
R02010,1
R02011,1
R02012,1
R02013,1
R02014,0
R02015,1
R02016,0
R02017,1
R02018,0
R02019,1
R02020,1
R02021,0
R02022,1
R02023,1
R02024,0
R02025,1
R02026,1
R02027,1
R02028,1
R02029,1
R02030,0
R02031,1
R02032,1
R02033,0
R02034,0
R02035,1
R02036,0
R02037,1
R02038,0
R02039,0
R02040,1
R02041,1
R02042,1
R02043,1
R02044,1
R02045,1
R02046,0
R02047,1
R02048,1
R02049,0
R02050,1
R02051,1
R02052,0
R02053,0
R02054,0
R02055,1
R02056,0
R02057,1
R02058,1
R02059,1
R02060,1
R02061,1
R02062,1
R02063,1
R02064,1
R02065,1
R02066,0
R02067,1
R02068,1
R02069,0
R02070,1
R02071,1
R02072,0
R02073,1
R02074,1
R02075,1
R02076,1
R02077,1
R02078,1
R02079,0
R02080,1
R02081,0
R02082,0
R02083,1
R02084,1
R02085,1
R02086,1
R02087,1
R02088,1
R02089,1
R02090,1
R02091,0
R02092,0
R02093,0
R02094,1
R02095,1
R02096,0
R02097,1
R02098,1
R02099,1
R02100,1
R02101,1
R02102,1
R02103,1
R02104,1
R02105,0
R02106,1
R02107,1
R02108,1
R02109,0
R02110,1
R02111,1
R02112,1
R02113,1
R02114,1
R02115,1
R02116,1
R02117,1
R02118,0
R02119,1
R02120,1
R02121,1
R02122,1
R02123,1
R02124,1
R02125,1
R02126,1
R02127,0
R02128,0
R02129,1
R02130,1
R02131,1
R02132,1
R02133,1
R02134,1
R02135,0
R02136,1
R02137,1
R02138,1
R02139,1
R02140,1
R02141,0
R02142,1
R02143,1
R02144,0
R02145,1
R02146,1
R02147,1
R02148,0
R02149,0
R02150,0
R02151,1
R02152,0
R02153,0
R02154,1
R02155,1
R02156,1
R02157,0
R02158,0
R02159,1
R02160,1
R02161,1
R02162,1
R02163,0
R02164,1
R02165,1
R02166,1
R02167,1
R02168,0
R02169,1
R02170,1
R02171,1
R02172,1
R02173,1
R02174,0
R02175,0
R02176,1
R02177,1
R02178,1
R02179,1
R02180,1
R02181,1
R02182,0
R02183,1
R02184,1
R02185,1
R02186,0
R02187,1
R02188,1
R02189,1
R02190,0
R02191,0
R02192,1
R02193,0
R02194,1
R02195,1
R02196,1
R02197,0
R02198,0
R02199,0
R02200,1
R02201,0
R02202,0
R02203,1
R02204,1
R02205,1
R02206,1
R02207,1
R02208,1
R02209,1
R02210,1
R02211,1
R02212,1
R02213,1
R02214,1
R02215,1
R02216,1
R02217,0
R02218,1
R02219,1
R02220,1
R02221,1
R02222,0
R02223,1
R02224,1
R02225,1
R02226,1
R02227,1
R02228,1
R02229,1
R02230,1
R02231,1
R02232,1
R02233,1
R02234,0
R02235,1
R02236,1
R02237,1
R02238,1
R02239,1
R02240,0
R02241,0
R02242,1
R02243,1
R02244,1
R02245,1
R02246,0
R02247,1
R02248,1
R02249,1
R02250,1
R02251,1
R02252,1
R02253,0
R02254,1
R02255,1
R02256,1
R02257,1
R02258,0
R02259,1
R02260,0
R02261,0
R02262,1
R02263,1
R02264,0
R02265,1
R02266,0
R02267,1
R02268,1
R02269,1
R02270,1
R02271,0
R02272,0
R02273,0
R02274,1
R02275,1
R02276,1
R02277,1
R02278,0
R02279,1
R02280,1
R02281,1
R02282,0
R02283,0
R02284,1
R02285,0
R02286,0
R02287,0
R02288,0
R02289,0
R02290,1
R02291,0
R02292,1
R02293,1
R02294,1
R02295,1
R02296,1
R02297,1
R02298,1
R02299,1
R02300,1
R02301,1
R02302,1
R02303,0
R02304,0
R02305,1
R02306,0
R02307,0
R02308,1
R02309,0
R02310,1
R02311,1
R02312,0
R02313,1
R02314,0
R02315,1
R02316,0
R02317,0
R02318,1
R02319,1
R02320,1
R02321,0
R02322,0
R02323,0
R02324,1
R02325,1
R02326,1
R02327,1
R02328,1
R02329,0
R02330,0
R02331,0
R02332,0
R02333,1
R02334,0
R02335,1
R02336,1
R02337,0
R02338,0
R02339,1
R02340,0
R02341,0
R02342,1
R02343,0
R02344,1
R02345,1
R02346,1
R02347,1
R02348,1
R02349,1
R02350,0
R02351,1
R02352,1
R02353,1
R02354,0
R02355,0
R02356,0
R02357,1
R02358,1
R02359,1
R02360,0
R02361,0
R02362,0
R02363,1
R02364,1
R02365,1
R02366,1
R02367,1
R02368,1
R02369,1
R02370,1
R02371,0
R02372,0
R02373,0
R02374,1
R02375,0
R02376,1
R02377,1
R02378,1
R02379,1
R02380,0
R02381,1
R02382,1
R02383,1
R02384,1
R02385,1
R02386,0
R02387,1
R02388,0
R02389,1
R02390,0
R02391,1
R02392,1
R02393,1
R02394,1
R02395,1
R02396,1
R02397,1
R02398,1
R02399,1
R02400,1
R02401,0
R02402,1
R02403,1
R02404,1
R02405,0
R02406,1
R02407,0
R02408,1
R02409,1
R02410,0
R02411,1
R02412,0
R02413,1
R02414,1
R02415,0
R02416,1
R02417,1
R02418,1
R02419,1
R02420,1
R02421,1
R02422,1
R02423,1
R02424,1
R02425,0
R02426,1
R02427,1
R02428,1
R02429,1
R02430,0
R02431,1
R02432,1
R02433,1
R02434,0
R02435,1
R02436,1
R02437,1
R02438,1
R02439,1
R02440,0
R02441,0
R02442,1
R02443,0
R02444,1
R02445,1
R02446,1
R02447,1
R02448,0
R02449,1
R02450,1
R02451,1
R02452,0
R02453,0
R02454,1
R02455,0
R02456,0
R02457,0
R02458,1
R02459,0
R02460,0
R02461,0
R02462,1
R02463,1
R02464,1
R02465,1
R02466,1
R02467,0
R02468,0
R02469,1
R02470,1
R02471,1
R02472,0
R02473,1
R02474,1
R02475,1
R02476,1
R02477,1
R02478,1
R02479,1
R02480,1
R02481,1
R02482,0
R02483,0
R02484,1
R02485,1
R02486,1
R02487,1
R02488,0
R02489,1
R02490,0
R02491,1
R02492,1
R02493,1
R02494,0
R02495,1
R02496,1
R02497,0
R02498,0
R02499,0
R02500,1
R02501,1
R02502,0
R02503,1
R02504,1
R02505,0
R02506,0
R02507,1
R02508,1
R02509,1
R02510,0
R02511,1
R02512,1
R02513,1
R02514,1
R02515,1
R02516,1
R02517,0
R02518,1
R02519,0
R02520,1
R02521,0
R02522,0
R02523,1
R02524,1
R02525,0
R02526,0
R02527,1
R02528,1
R02529,0
R02530,1
R02531,1
R02532,0
R02533,1
R02534,1
R02535,0
R02536,1
R02537,1
R02538,1
R02539,1
R02540,1
R02541,1
R02542,1
R02543,1
R02544,1
R02545,0
R02546,0
R02547,1
R02548,1
R02549,1
R02550,1
R02551,0
R02552,0
R02553,1
R02554,1
R02555,1
R02556,1
R02557,1
R02558,1
R02559,0
R02560,1
R02561,1
R02562,0
R02563,1
R02564,1
R02565,1
R02566,1
R02567,0
R02568,0
R02569,1
R02570,0
R02571,0
R02572,1
R02573,1
R02574,1
R02575,0
R02576,0
R02577,1
R02578,1
R02579,1
R02580,1
R02581,1
R02582,0
R02583,0
R02584,0
R02585,1
R02586,1
R02587,0
R02588,0
R02589,1
R02590,1
R02591,0
R02592,0
R02593,0
R02594,0
R02595,0
R02596,1
R02597,1
R02598,1
R02599,1
R02600,0
R02601,0
R02602,1
R02603,1
R02604,1
R02605,1
R02606,1
R02607,1
R02608,1
R02609,1
R02610,1
R02611,1
R02612,1
R02613,0
R02614,1
R02615,1
R02616,1
R02617,1
R02618,1
R02619,1
R02620,1
R02621,1
R02622,1
R02623,1
R02624,1
R02625,1
R02626,1
R02627,1
R02628,0
R02629,1
R02630,1
R02631,1
R02632,1
R02633,1
R02634,1
R02635,1
R02636,1
R02637,0
R02638,1
R02639,1
R02640,1
R02641,1
R02642,1
R02643,1
R02644,1
R02645,1
R02646,1
R02647,1
R02648,0
R02649,1
R02650,1
R02651,0
R02652,0
R02653,1
R02654,1
R02655,1
R02656,1
R02657,1
R02658,1
R02659,1
R02660,1
R02661,1
R02662,1
R02663,0
R02664,1
R02665,1
R02666,1
R02667,1
R02668,1
R02669,0
R02670,1
R02671,1
R02672,0
R02673,0
R02674,0
R02675,1
R02676,1
R02677,1
R02678,1
R02679,1
R02680,0
R02681,0
R02682,1
R02683,0
R02684,1
R02685,1
R02686,1
R02687,1
R02688,0
R02689,0
R02690,1
R02691,1
R02692,0
R02693,0
R02694,1
R02695,1
R02696,1
R02697,1
R02698,1
R02699,1
R02700,1
R02701,0
R02702,1
R02703,1
R02704,0
R02705,1
R02706,1
R02707,1
R02708,1
R02709,1
R02710,1
R02711,1
R02712,0
R02713,0
R02714,0
R02715,1
R02716,1
R02717,0
R02718,1
R02719,1
R02720,0
R02721,1
R02722,0
R02723,1
R02724,0
R02725,1
R02726,0
R02727,0
R02728,1
R02729,1
R02730,1
R02731,0
R02732,1
R02733,0
R02734,1
R02735,1
R02736,0
R02737,1
R02738,0
R02739,1
R02740,1
R02741,1
R02742,0
R02743,1
R02744,1
R02745,1
R02746,1
R02747,1
R02748,0
R02749,1
R02750,1
R02751,1
R02752,0
R02753,1
R02754,1
R02755,1
R02756,0
R02757,0
R02758,1
R02759,0
R02760,1
R02761,1
R02762,1
R02763,0
R02764,1
R02765,0
R02766,1
R02767,0
R02768,1
R02769,1
R02770,0
R02771,1
R02772,0
R02773,1
R02774,1
R02775,0
R02776,1
R02777,1
R02778,1
R02779,0
R02780,0
R02781,1
R02782,1
R02783,1
R02784,0
R02785,1
R02786,0
R02787,1
R02788,1
R02789,1
R02790,0
R02791,1
R02792,0
R02793,1
R02794,1
R02795,0
R02796,1
R02797,0
R02798,0
R02799,1
R02800,1
R02801,1
R02802,1
R02803,1
R02804,1
R02805,0
R02806,1
R02807,1
R02808,0
R02809,1
R02810,0
R02811,1
R02812,1
R02813,1
R02814,1
R02815,1
R02816,0
R02817,0
R02818,0
R02819,1
R02820,1
R02821,1
R02822,0
R02823,1
R02824,0
R02825,1
R02826,0
R02827,1
R02828,1
R02829,1
R02830,1
R02831,1
R02832,1
R02833,0
R02834,0
R02835,1
R02836,1
R02837,1
R02838,0
R02839,0
R02840,1
R02841,1
R02842,1
R02843,1
R02844,1
R02845,1
R02846,1
R02847,0
R02848,0
R02849,0
R02850,0
R02851,0
R02852,0
R02853,0
R02854,0
R02855,1
R02856,1
R02857,1
R02858,1
R02859,1
R02860,1
R02861,1
R02862,1
R02863,0
R02864,0
R02865,1
R02866,1
R02867,0
R02868,0
R02869,0
R02870,1
R02871,1
R02872,0
R02873,1
R02874,1
R02875,0
R02876,1
R02877,0
R02878,1
R02879,0
R02880,0
R02881,0
R02882,1
R02883,1
R02884,0
R02885,1
R02886,1
R02887,1
R02888,1
R02889,1
R02890,1
R02891,1
R02892,1
R02893,0
R02894,1
R02895,1
R02896,1
R02897,0
R02898,1
R02899,1
R02900,1
R02901,1
R02902,0
R02903,1
R02904,1
R02905,1
R02906,0
R02907,0
R02908,1
R02909,1
R02910,0
R02911,1
R02912,0
R02913,1
R02914,1
R02915,1
R02916,1
R02917,1
R02918,1
R02919,1
R02920,0
R02921,1
R02922,1
R02923,1
R02924,1
R02925,1
R02926,1
R02927,1
R02928,0
R02929,1
R02930,1
R02931,0
R02932,1
R02933,1
R02934,1
R02935,0
R02936,1
R02937,1
R02938,1
R02939,1
R02940,1
R02941,1
R02942,1
R02943,1
R02944,0
R02945,0
R02946,1
R02947,1
R02948,1
R02949,1
R02950,1
R02951,1
R02952,1
R02953,1
R02954,1
R02955,1
R02956,1
R02957,1
R02958,1
R02959,0
R02960,1
R02961,0
R02962,1
R02963,1
R02964,1
R02965,1
R02966,1
R02967,1
R02968,1
R02969,1
R02970,1
R02971,0
R02972,0
R02973,0
R02974,1
R02975,1
R02976,1
R02977,1
R02978,0
R02979,1
R02980,1
R02981,1
R02982,0
R02983,0
R02984,0
R02985,1
R02986,0
R02987,1
R02988,1
R02989,1
R02990,1
R02991,1
R02992,0
R02993,0
R02994,0
R02995,1
R02996,1
R02997,1
R02998,1
R02999,1
R03000,1
R03001,1
R03002,0
R03003,1
R03004,1
R03005,1
R03006,0
R03007,1
R03008,1
R03009,1
R03010,0
R03011,0
R03012,1
R03013,0
R03014,1
R03015,1
R03016,1
R03017,0
R03018,1
R03019,1
R03020,1
R03021,0
R03022,1
R03023,0
R03024,0
R03025,0
R03026,1
R03027,1
R03028,0
R03029,1
R03030,1
R03031,1
R03032,0
R03033,0
R03034,1
R03035,1
R03036,1
R03037,0
R03038,1
R03039,1
R03040,1
R03041,0
R03042,1
R03043,1
R03044,1
R03045,1
R03046,0
R03047,1
R03048,1
R03049,1
R03050,1
R03051,0
R03052,1
R03053,1
R03054,0
R03055,1
R03056,1
R03057,0
R03058,1
R03059,0
R03060,1
R03061,1
R03062,1
R03063,1
R03064,0
R03065,1
R03066,1
R03067,1
R03068,1
R03069,1
R03070,0
R03071,1
R03072,1
R03073,1
R03074,1
R03075,1
R03076,1
R03077,1
R03078,1
R03079,0
R03080,1
R03081,0
R03082,1
R03083,1
R03084,1
R03085,0
R03086,1
R03087,1
R03088,1
R03089,1
R03090,1
R03091,0
R03092,0
R03093,1
R03094,1
R03095,1
R03096,1
R03097,0
R03098,1
R03099,1
R03100,1
R03101,0
R03102,0
R03103,0
R03104,0
R03105,1
R03106,0
R03107,0
R03108,1
R03109,0
R03110,0
R03111,1
R03112,1
R03113,0
R03114,1
R03115,1
R03116,1
R03117,1
R03118,0
R03119,1
R03120,1
R03121,1
R03122,1
R03123,1
R03124,1
R03125,1
R03126,1
R03127,1
R03128,1
R03129,1
R03130,1
R03131,0
R03132,1
R03133,1
R03134,0
R03135,1
R03136,1
R03137,0
R03138,1
R03139,1
R03140,1
R03141,1
R03142,1
R03143,1
R03144,1
R03145,1
R03146,1
R03147,1
R03148,0
R03149,1
R03150,1
R03151,1
R03152,1
R03153,1
R03154,1
R03155,0
R03156,0
R03157,1
R03158,1
R03159,0
R03160,0
R03161,1
R03162,1
R03163,1
R03164,0
R03165,1
R03166,1
R03167,1
R03168,1
R03169,0
R03170,1
R03171,1
R03172,1
R03173,1
R03174,1
R03175,1
R03176,1
R03177,1
R03178,1
R03179,1
R03180,1
R03181,1
R03182,1
R03183,1
R03184,0
R03185,0
R03186,1
R03187,1
R03188,1
R03189,1
R03190,1
R03191,1
R03192,0
R03193,0
R03194,1
R03195,1
R03196,1
R03197,1
R03198,1
R03199,1
R03200,0
R03201,0
R03202,1
R03203,1
R03204,1
R03205,1
R03206,1
R03207,1
R03208,0
R03209,1
R03210,1
R03211,1
R03212,1
R03213,1
R03214,1
R03215,1
R03216,1
R03217,0
R03218,0
R03219,1
R03220,1
R03221,0
R03222,1
R03223,1
R03224,1
R03225,1
R03226,1
R03227,1
R03228,0
R03229,1
R03230,0
R03231,0
R03232,1
R03233,1
R03234,1
R03235,1
R03236,0
R03237,1
R03238,0
R03239,1
R03240,0
R03241,1
R03242,0
R03243,0
R03244,1
R03245,0
R03246,1
R03247,1
R03248,1
R03249,1
R03250,1
R03251,1
R03252,1
R03253,1
R03254,1
R03255,1
R03256,1
R03257,1
R03258,1
R03259,1
R03260,0
R03261,1
R03262,0
R03263,1
R03264,0
R03265,1
R03266,0
R03267,1
R03268,0
R03269,1
R03270,1
R03271,1
R03272,1
R03273,1
R03274,1
R03275,1
R03276,1
R03277,1
R03278,1
R03279,0
R03280,1
R03281,1
R03282,1
R03283,1
R03284,1
R03285,1
R03286,1
R03287,1
R03288,1
R03289,1
R03290,1
R03291,1
R03292,1
R03293,1
R03294,1
R03295,1
R03296,1
R03297,1
R03298,1
R03299,1
R03300,1
R03301,1
R03302,1
R03303,1
R03304,1
R03305,1
R03306,0
R03307,1
R03308,0
R03309,0
R03310,1
R03311,1
R03312,1
R03313,1
R03314,1
R03315,1
R03316,0
R03317,0
R03318,0
R03319,0
R03320,1
R03321,0
R03322,1
R03323,1
R03324,1
R03325,1
R03326,1
R03327,1
R03328,1
R03329,0
R03330,1
R03331,0
R03332,0
R03333,1
R03334,0
R03335,0
R03336,1
R03337,0
R03338,0
R03339,0
R03340,1
R03341,1
R03342,0
R03343,0
R03344,1
R03345,1
R03346,1
R03347,1
R03348,1
R03349,1
R03350,1
R03351,0
R03352,1
R03353,1
R03354,1
R03355,1
R03356,1
R03357,1
R03358,0
R03359,1
R03360,1
R03361,1
R03362,1
R03363,0
R03364,1
R03365,0
R03366,1
R03367,1
R03368,1
R03369,1
R03370,0
R03371,1
R03372,1
R03373,0
R03374,1
R03375,0
R03376,1
R03377,1
R03378,1
R03379,0
R03380,0
R03381,1
R03382,1
R03383,0
R03384,1
R03385,1
R03386,1
R03387,0
R03388,1
R03389,1
R03390,0
R03391,1
R03392,1
R03393,1
R03394,1
R03395,0
R03396,1
R03397,1
R03398,0
R03399,0
R03400,0
R03401,1
R03402,0
R03403,1
R03404,1
R03405,0
R03406,1
R03407,0
R03408,1
R03409,1
R03410,1
R03411,1
R03412,0
R03413,1
R03414,0
R03415,1
R03416,1
R03417,1
R03418,1
R03419,0
R03420,1
R03421,1
R03422,1
R03423,1
R03424,0
R03425,0
R03426,0
R03427,1
R03428,1
R03429,1
R03430,0
R03431,1
R03432,1
R03433,1
R03434,1
R03435,0
R03436,0
R03437,1
R03438,1
R03439,1
R03440,0
R03441,0
R03442,0
R03443,1
R03444,0
R03445,1
R03446,1
R03447,1
R03448,1
R03449,1
R03450,1
R03451,1
R03452,0
R03453,1
R03454,0
R03455,1
R03456,0
R03457,0
R03458,0
R03459,0
R03460,0
R03461,1
R03462,0
R03463,1
R03464,0
R03465,1
R03466,1
R03467,1
R03468,1
R03469,1
R03470,1
R03471,0
R03472,1
R03473,1
R03474,0
R03475,1
R03476,1
R03477,1
R03478,1
R03479,1
R03480,1
R03481,1
R03482,1
R03483,1
R03484,1
R03485,0
R03486,0
R03487,0
R03488,1
R03489,1
R03490,0
R03491,0
R03492,1
R03493,0
R03494,0
R03495,1
R03496,1
R03497,1
R03498,1
R03499,0
R03500,1
R03501,1
R03502,1
R03503,0
R03504,1
R03505,0
R03506,1
R03507,1
R03508,0
R03509,0
R03510,0
R03511,1
R03512,1
R03513,0
R03514,1
R03515,1
R03516,0
R03517,1
R03518,1
R03519,1
R03520,1
R03521,0
R03522,0
R03523,0
R03524,1
R03525,1
R03526,1
R03527,1
R03528,0
R03529,1
R03530,1
R03531,1
R03532,1
R03533,1
R03534,1
R03535,1
R03536,1
R03537,0
R03538,1
R03539,0
R03540,1
R03541,1
R03542,1
R03543,1
R03544,1
R03545,0
R03546,1
R03547,1
R03548,1
R03549,0
R03550,1
R03551,1
R03552,1
R03553,1
R03554,1
R03555,1
R03556,1
R03557,0
R03558,1
R03559,1
R03560,1
R03561,0
R03562,1
R03563,1
R03564,1
R03565,1
R03566,1
R03567,1
R03568,1
R03569,1
R03570,1
R03571,1
R03572,0
R03573,0
R03574,0
R03575,1
R03576,1
R03577,0
R03578,0
R03579,0
R03580,0
R03581,1
R03582,1
R03583,1
R03584,0
R03585,1
R03586,1
R03587,1
R03588,1
R03589,1
R03590,1
R03591,1
R03592,1
R03593,1
R03594,1
R03595,1
R03596,1
R03597,1
R03598,1
R03599,0
R03600,1
R03601,1
R03602,0
R03603,1
R03604,0
R03605,1
R03606,0
R03607,0
R03608,1
R03609,1
R03610,0
R03611,1
R03612,1
R03613,1
R03614,0
R03615,1
R03616,1
R03617,0
R03618,1
R03619,1
R03620,0
R03621,1
R03622,1
R03623,0
R03624,1
R03625,1
R03626,1
R03627,1
R03628,1
R03629,1
R03630,1
R03631,1
R03632,1
R03633,0
R03634,1
R03635,1
R03636,1
R03637,1
R03638,1
R03639,0
R03640,0
R03641,1
R03642,1
R03643,1
R03644,1
R03645,1
R03646,1
R03647,1
R03648,0
R03649,1
R03650,1
R03651,1
R03652,1
R03653,1
R03654,0
R03655,1
R03656,1
R03657,1
R03658,1
R03659,1
R03660,1
R03661,1
R03662,1
R03663,1
R03664,1
R03665,1
R03666,1
R03667,1
R03668,1
R03669,0
R03670,1
R03671,1
R03672,0
R03673,1
R03674,0
R03675,0
R03676,1
R03677,0
R03678,1
R03679,1
R03680,1
R03681,1
R03682,1
R03683,1
R03684,1
R03685,1
R03686,1
R03687,1
R03688,1
R03689,1
R03690,1
R03691,1
R03692,0
R03693,1
R03694,1
R03695,0
R03696,1
R03697,1
R03698,1
R03699,1
R03700,1
R03701,1
R03702,0
R03703,1
R03704,1
R03705,1
R03706,1
R03707,1
R03708,1
R03709,1
R03710,1
R03711,0
R03712,1
R03713,0
R03714,0
R03715,1
R03716,1
R03717,0
R03718,1
R03719,0
R03720,1
R03721,1
R03722,1
R03723,1
R03724,1
R03725,0
R03726,1
R03727,1
R03728,1
R03729,0
R03730,1
R03731,1
R03732,1
R03733,1
R03734,1
R03735,1
R03736,1
R03737,0
R03738,1
R03739,1
R03740,0
R03741,1
R03742,0
R03743,1
R03744,1
R03745,1
R03746,1
R03747,1
R03748,1
R03749,1
R03750,1
R03751,1
R03752,1
R03753,1
R03754,0
R03755,0
R03756,1
R03757,1
R03758,1
R03759,1
R03760,1
R03761,1
R03762,1
R03763,1
R03764,1
R03765,1
R03766,1
R03767,1
R03768,1
R03769,1
R03770,1
R03771,1
R03772,1
R03773,1
R03774,0
R03775,1
R03776,1
R03777,1
R03778,0
R03779,1
R03780,1
R03781,0
R03782,1
R03783,1
R03784,1
R03785,1
R03786,1
R03787,1
R03788,0
R03789,1
R03790,1
R03791,1
R03792,1
R03793,1
R03794,0
R03795,0
R03796,0
R03797,0
R03798,1
R03799,0
R03800,0
R03801,0
R03802,1
R03803,1
R03804,0
R03805,0
R03806,0
R03807,1
R03808,1
R03809,1
R03810,1
R03811,1
R03812,1
R03813,1
R03814,0
R03815,0
R03816,0
R03817,1
R03818,0
R03819,1
R03820,0
R03821,1
R03822,0
R03823,1
R03824,0
R03825,1
R03826,1
R03827,0
R03828,1
R03829,0
R03830,1
R03831,0
R03832,1
R03833,1
R03834,1
R03835,0
R03836,1
R03837,1
R03838,1
R03839,1
R03840,1
R03841,0
R03842,1
R03843,1
R03844,1
R03845,1
R03846,1
R03847,1
R03848,1
R03849,1
R03850,1
R03851,0
R03852,0
R03853,1
R03854,0
R03855,1
R03856,1
R03857,1
R03858,0
R03859,0
R03860,1
R03861,1
R03862,0
R03863,1
R03864,1
R03865,0
R03866,1
R03867,1
R03868,1
R03869,1
R03870,1
R03871,1
R03872,1
R03873,0
R03874,1
R03875,1
R03876,0
R03877,0
R03878,1
R03879,0
R03880,0
R03881,0
R03882,1
R03883,1
R03884,1
R03885,1
R03886,0
R03887,1
R03888,1
R03889,1
R03890,0
R03891,1
R03892,1
R03893,1
R03894,1
R03895,0
R03896,1
R03897,1
R03898,0
R03899,1
R03900,1
R03901,1
R03902,1
R03903,1
R03904,0
R03905,0
R03906,1
R03907,1
R03908,1
R03909,1
R03910,1
R03911,1
R03912,1
R03913,1
R03914,1
R03915,1
R03916,0
R03917,0
R03918,0
R03919,0
R03920,1
R03921,1
R03922,1
R03923,1
R03924,1
R03925,1
R03926,1
R03927,1
R03928,1
R03929,1
R03930,1
R03931,1
R03932,0
R03933,1
R03934,1
R03935,1
R03936,1
R03937,1
R03938,1
R03939,0
R03940,1
R03941,1
R03942,0
R03943,0
R03944,1
R03945,1
R03946,0
R03947,0
R03948,0
R03949,1
R03950,1
R03951,0
R03952,1
R03953,1
R03954,1
R03955,1
R03956,1
R03957,0
R03958,0
R03959,0
R03960,1
R03961,1
R03962,0
R03963,1
R03964,1
R03965,1
R03966,0
R03967,1
R03968,1
R03969,1
R03970,0
R03971,1
R03972,1
R03973,0
R03974,0
R03975,1
R03976,1
R03977,1
R03978,1
R03979,1
R03980,1
R03981,1
R03982,0
R03983,1
R03984,1
R03985,0
R03986,0
R03987,1
R03988,0
R03989,1
R03990,1
R03991,1
R03992,1
R03993,1
R03994,1
R03995,1
R03996,0
R03997,0
R03998,1
R03999,1
R04000,1
R04001,0
R04002,0
R04003,0
R04004,1
R04005,1
R04006,1
R04007,1
R04008,0
R04009,1
R04010,1
R04011,1
R04012,0
R04013,0
R04014,1
R04015,1
R04016,1
R04017,1
R04018,1
R04019,1
R04020,1
R04021,1
R04022,1
R04023,1
R04024,1
R04025,1
R04026,1
R04027,0
R04028,1
R04029,1
R04030,1
R04031,1
R04032,1
R04033,1
R04034,1
R04035,1
R04036,1
R04037,0
R04038,1
R04039,0
R04040,0
R04041,0
R04042,0
R04043,1
R04044,1
R04045,1
R04046,0
R04047,1
R04048,1
R04049,1
R04050,1
R04051,0
R04052,0
R04053,1
R04054,0
R04055,0
R04056,0
R04057,0
R04058,1
R04059,1
R04060,1
R04061,1
R04062,1
R04063,1
R04064,1
R04065,1
R04066,1
R04067,0
R04068,1
R04069,1
R04070,1
R04071,1
R04072,1
R04073,1
R04074,1
R04075,0
R04076,0
R04077,1
R04078,0
R04079,1
R04080,1
R04081,1
R04082,1
R04083,1
R04084,1
R04085,1
R04086,0
R04087,1
R04088,1
R04089,1
R04090,1
R04091,1
R04092,0
R04093,0
R04094,1
R04095,0
R04096,1
R04097,1
R04098,1
R04099,1
R04100,1
R04101,0
R04102,1
R04103,0
R04104,0
R04105,0
R04106,1
R04107,0
R04108,1
R04109,1
R04110,0
R04111,1
R04112,1
R04113,1
R04114,1
R04115,1
R04116,1
R04117,1
R04118,1
R04119,1
R04120,0
R04121,0
R04122,1
R04123,1
R04124,1
R04125,0
R04126,1
R04127,0
R04128,0
R04129,1
R04130,1
R04131,0
R04132,1
R04133,1
R04134,1
R04135,1
R04136,1
R04137,1
R04138,1
R04139,0
R04140,1
R04141,1
R04142,0
R04143,1
R04144,1
R04145,1
R04146,1
R04147,1
R04148,0
R04149,1
R04150,1
R04151,0
R04152,1
R04153,1
R04154,1
R04155,1
R04156,1
R04157,1
R04158,0
R04159,1
R04160,0
R04161,1
R04162,1
R04163,1
R04164,1
R04165,1
R04166,1
R04167,0
R04168,1
R04169,1
R04170,0
R04171,1
R04172,1
R04173,1
R04174,1
R04175,1
R04176,1
R04177,0
R04178,1
R04179,1
R04180,1
R04181,1
R04182,1
R04183,1
R04184,0
R04185,1
R04186,1
R04187,1
R04188,1
R04189,0
R04190,0
R04191,1
R04192,0
R04193,1
R04194,1
R04195,1
R04196,1
R04197,1
R04198,1
R04199,1
R04200,1
R04201,1
R04202,1
R04203,1
R04204,1
R04205,1
R04206,0
R04207,1
R04208,1
R04209,1
R04210,1
R04211,0
R04212,1
R04213,1
R04214,1
R04215,1
R04216,1
R04217,1
R04218,1
R04219,1
R04220,1
R04221,1
R04222,1
R04223,1
R04224,1
R04225,1
R04226,1
R04227,1
R04228,0
R04229,1
R04230,0
R04231,1
R04232,1
R04233,1
R04234,0
R04235,1
R04236,0
R04237,1
R04238,1
R04239,1
R04240,1
R04241,0
R04242,1
R04243,1
R04244,0
R04245,1
R04246,1
R04247,1
R04248,0
R04249,1
R04250,1
R04251,1
R04252,0
R04253,1
R04254,1
R04255,0
R04256,0
R04257,0
R04258,0
R04259,1
R04260,0
R04261,1
R04262,1
R04263,1
R04264,1
R04265,1
R04266,1
R04267,0
R04268,1
R04269,0
R04270,0
R04271,1
R04272,1
R04273,1
R04274,0
R04275,1
R04276,1
R04277,0
R04278,1
R04279,0
R04280,0
R04281,1
R04282,0
R04283,1
R04284,1
R04285,1
R04286,1
R04287,1
R04288,1
R04289,1
R04290,0
R04291,1
R04292,1
R04293,1
R04294,0
R04295,1
R04296,1
R04297,1
R04298,1
R04299,0
R04300,0
R04301,0
R04302,1
R04303,0
R04304,1
R04305,1
R04306,1
R04307,1
R04308,1
R04309,1
R04310,1
R04311,1
R04312,0
R04313,0
R04314,0
R04315,1
R04316,1
R04317,1
R04318,1
R04319,0
R04320,0
R04321,1
R04322,1
R04323,0
R04324,1
R04325,1
R04326,0
R04327,0
R04328,1
R04329,0
R04330,1
R04331,1
R04332,0
R04333,0
R04334,0
R04335,1
R04336,1
R04337,1
R04338,0
R04339,1
R04340,1
R04341,0
R04342,0
R04343,1
R04344,1
R04345,0
R04346,1
R04347,1
R04348,1
R04349,1
R04350,0
R04351,1
R04352,1
R04353,1
R04354,1
R04355,1
R04356,0
R04357,1
R04358,1
R04359,1
R04360,1
R04361,0
R04362,1
R04363,1
R04364,1
R04365,1
R04366,1
R04367,1
R04368,1
R04369,1
R04370,1
R04371,1
R04372,1
R04373,1
R04374,0
R04375,0
R04376,1
R04377,1
R04378,1
R04379,0
R04380,1
R04381,1
R04382,1
R04383,1
R04384,1
R04385,0
R04386,1
R04387,1
R04388,1
R04389,0
R04390,1
R04391,1
R04392,1
R04393,1
R04394,0
R04395,1
R04396,1
R04397,1
R04398,1
R04399,1
R04400,0
R04401,0
R04402,1
R04403,0
R04404,1
R04405,0
R04406,0
R04407,1
R04408,1
R04409,0
R04410,0
R04411,1
R04412,1
R04413,0
R04414,1
R04415,1
R04416,1
R04417,1
R04418,1
R04419,1
R04420,1
R04421,1
R04422,1
R04423,1
R04424,1
R04425,1
R04426,0
R04427,1
R04428,1
R04429,1
R04430,0
R04431,0
R04432,0
R04433,1
R04434,1
R04435,1
R04436,1
R04437,1
R04438,1
R04439,0
R04440,1
R04441,1
R04442,0
R04443,1
R04444,1
R04445,1
R04446,1
R04447,0
R04448,1
R04449,1
R04450,0
R04451,0
R04452,1
R04453,1
R04454,0
R04455,1
R04456,0
R04457,1
R04458,1
R04459,1
R04460,1
R04461,1
R04462,0
R04463,1
R04464,0
R04465,1
R04466,1
R04467,1
R04468,0
R04469,1
R04470,1
R04471,1
R04472,0
R04473,1
R04474,1
R04475,1
R04476,0
R04477,1
R04478,0
R04479,0
R04480,1
R04481,1
R04482,1
R04483,0
R04484,1
R04485,1
R04486,1
R04487,1
R04488,1
R04489,1
R04490,0
R04491,1
R04492,1
R04493,1
R04494,1
R04495,0
R04496,0
R04497,1
R04498,0
R04499,1
R04500,0
R04501,1
R04502,1
R04503,1
R04504,1
R04505,1
R04506,1
R04507,1
R04508,0
R04509,1
R04510,1
R04511,1
R04512,1
R04513,1
R04514,1
R04515,1
R04516,1
R04517,0
R04518,0
R04519,1
R04520,1
R04521,1
R04522,1
R04523,1
R04524,0
R04525,1
R04526,0
R04527,1
R04528,0
R04529,1
R04530,1
R04531,1
R04532,1
R04533,1
R04534,1
R04535,0
R04536,1
R04537,1
R04538,1
R04539,1
R04540,0
R04541,1
R04542,0
R04543,1
R04544,1
R04545,0
R04546,1
R04547,1
R04548,0
R04549,1
R04550,0
R04551,0
R04552,0
R04553,1
R04554,0
R04555,0
R04556,1
R04557,1
R04558,0
R04559,1
R04560,0
R04561,1
R04562,1
R04563,1
R04564,1
R04565,0
R04566,1
R04567,1
R04568,1
R04569,1
R04570,1
R04571,1
R04572,0
R04573,1
R04574,0
R04575,0
R04576,1
R04577,0
R04578,1
R04579,0
R04580,1
R04581,0
R04582,1
R04583,1
R04584,1
R04585,1
R04586,1
R04587,0
R04588,0
R04589,0
R04590,1
R04591,0
R04592,1
R04593,0
R04594,1
R04595,0
R04596,0
R04597,0
R04598,0
R04599,1
R04600,1
R04601,1
R04602,1
R04603,1
R04604,1
R04605,1
R04606,1
R04607,1
R04608,1
R04609,1
R04610,1
R04611,1
R04612,0
R04613,1
R04614,0
R04615,1
R04616,1
R04617,1
R04618,1
R04619,1
R04620,0
R04621,1
R04622,1
R04623,1
R04624,0
R04625,0
R04626,0
R04627,1
R04628,0
R04629,1
R04630,1
R04631,1
R04632,0
R04633,1
R04634,1
R04635,1
R04636,1
R04637,0
R04638,1
R04639,1
R04640,1
R04641,0
R04642,0
R04643,1
R04644,0
R04645,1
R04646,1
R04647,1
R04648,0
R04649,1
R04650,1
R04651,0
R04652,1
R04653,0
R04654,1
R04655,1
R04656,1
R04657,1
R04658,1
R04659,1
R04660,1
R04661,0
R04662,1
R04663,1
R04664,1
R04665,0
R04666,1
R04667,1
R04668,1
R04669,1
R04670,1
R04671,0
R04672,0
R04673,1
R04674,0
R04675,0
R04676,1
R04677,0
R04678,1
R04679,0
R04680,0
R04681,1
R04682,0
R04683,0
R04684,0
R04685,1
R04686,1
R04687,0
R04688,1
R04689,0
R04690,0
R04691,1
R04692,0
R04693,1
R04694,1
R04695,1
R04696,0
R04697,0
R04698,0
R04699,1
R04700,0
R04701,0
R04702,1
R04703,1
R04704,0
R04705,1
R04706,1
R04707,1
R04708,1
R04709,1
R04710,0
R04711,1
R04712,1
R04713,0
R04714,1
R04715,1
R04716,1
R04717,1
R04718,1
R04719,0
R04720,1
R04721,1
R04722,0
R04723,1
R04724,0
R04725,1
R04726,1
R04727,0
R04728,0
R04729,1
R04730,0
R04731,1
R04732,1
R04733,1
R04734,1
R04735,1
R04736,1
R04737,0
R04738,1
R04739,0
R04740,1
R04741,0
R04742,1
R04743,0
R04744,1
R04745,0
R04746,0
R04747,1
R04748,1
R04749,1
R04750,1
R04751,0
R04752,0
R04753,0
R04754,0
R04755,1
R04756,1
R04757,1
R04758,1
R04759,1
R04760,1
R04761,1
R04762,1
R04763,0
R04764,0
R04765,1
R04766,0
R04767,1
R04768,0
R04769,1
R04770,0
R04771,0
R04772,1
R04773,1
R04774,1
R04775,1
R04776,1
R04777,1
R04778,1
R04779,1
R04780,0
R04781,0
R04782,1
R04783,0
R04784,1
R04785,0
R04786,1
R04787,1
R04788,1
R04789,1
R04790,0
R04791,1
R04792,0
R04793,0
R04794,1
R04795,0
R04796,1
R04797,1
R04798,1
R04799,0
R04800,1
R04801,0
R04802,1
R04803,1
R04804,1
R04805,1
R04806,0
R04807,0
R04808,0
R04809,1
R04810,0
R04811,1
R04812,1
R04813,1
R04814,1
R04815,1
R04816,0
R04817,0
R04818,0
R04819,1
R04820,1
R04821,1
R04822,0
R04823,1
R04824,1
R04825,1
R04826,1
R04827,1
R04828,1
R04829,1
R04830,1
R04831,0
R04832,0
R04833,1
R04834,1
R04835,1
R04836,0
R04837,1
R04838,0
R04839,0
R04840,1
R04841,1
R04842,0
R04843,0
R04844,1
R04845,0
R04846,1
R04847,1
R04848,0
R04849,1
R04850,1
R04851,0
R04852,1
R04853,1
R04854,1
R04855,1
R04856,1
R04857,0
R04858,1
R04859,1
R04860,1
R04861,0
R04862,0
R04863,0
R04864,1
R04865,0
R04866,0
R04867,1
R04868,0
R04869,1
R04870,1
R04871,1
R04872,0
R04873,0
R04874,1
R04875,0
R04876,1
R04877,1
R04878,1
R04879,0
R04880,1
R04881,0
R04882,1
R04883,1
R04884,1
R04885,0
R04886,1
R04887,1
R04888,1
R04889,0
R04890,1
R04891,1
R04892,0
R04893,0
R04894,0
R04895,1
R04896,1
R04897,1
R04898,1
R04899,1
R04900,1
R04901,1
R04902,0
R04903,1
R04904,1
R04905,1
R04906,1
R04907,1
R04908,1
R04909,1
R04910,1
R04911,1
R04912,1
R04913,0
R04914,1
R04915,1
R04916,1
R04917,1
R04918,1
R04919,1
R04920,1
R04921,1
R04922,0
R04923,1
R04924,0
R04925,1
R04926,1
R04927,1
R04928,1
R04929,1
R04930,1
R04931,1
R04932,1
R04933,0
R04934,0
R04935,0
R04936,1
R04937,1
R04938,1
R04939,0
R04940,1
R04941,1
R04942,1
R04943,1
R04944,0
R04945,0
R04946,1
R04947,1
R04948,1
R04949,1
R04950,0
R04951,0
R04952,1
R04953,0
R04954,1
R04955,0
R04956,0
R04957,1
R04958,0
R04959,1
R04960,1
R04961,0
R04962,1
R04963,1
R04964,1
R04965,0
R04966,1
R04967,1
R04968,0
R04969,0
R04970,0
R04971,0
R04972,0
R04973,1
R04974,0
R04975,0
R04976,0
R04977,1
R04978,1
R04979,1
R04980,0
R04981,1
R04982,1
R04983,1
R04984,1
R04985,1
R04986,1
R04987,1
R04988,1
R04989,1
R04990,1
R04991,1
R04992,1
R04993,1
R04994,1
R04995,1
R04996,1
R04997,0
R04998,0
R04999,1
R05000,1
R05001,0
R05002,0
R05003,0
R05004,0
R05005,1
R05006,0
R05007,1
R05008,0
R05009,1
R05010,1
R05011,0
R05012,0
R05013,0
R05014,1
R05015,1
R05016,1
R05017,0
R05018,1
R05019,1
R05020,1
R05021,1
R05022,1
R05023,1
R05024,1
R05025,0
R05026,1
R05027,1
R05028,0
R05029,1
R05030,0
R05031,0
R05032,0
R05033,0
R05034,0
R05035,1
R05036,1
R05037,0
R05038,0
R05039,1
R05040,1
R05041,1
R05042,1
R05043,0
R05044,1
R05045,0
R05046,1
R05047,1
R05048,1
R05049,1
R05050,1
R05051,1
R05052,1
R05053,1
R05054,1
R05055,0
R05056,1
R05057,1
R05058,0
R05059,1
R05060,1
R05061,1
R05062,1
R05063,0
R05064,1
R05065,1
R05066,1
R05067,1
R05068,1
R05069,0
R05070,1
R05071,1
R05072,1
R05073,1
R05074,1
R05075,1
R05076,1
R05077,1
R05078,1
R05079,1
R05080,1
R05081,0
R05082,1
R05083,0
R05084,1
R05085,1
R05086,0
R05087,1
R05088,1
R05089,1
R05090,1
R05091,0
R05092,0
R05093,1
R05094,1
R05095,1
R05096,1
R05097,1
R05098,0
R05099,0
R05100,1
R05101,1
R05102,0
R05103,1
R05104,1
R05105,1
R05106,1
R05107,1
R05108,1
R05109,0
R05110,1
R05111,1
R05112,1
R05113,1
R05114,0
R05115,1
R05116,1
R05117,1
R05118,1
R05119,0
R05120,1
R05121,0
R05122,1
R05123,0
R05124,1
R05125,1
R05126,1
R05127,1
R05128,1
R05129,0
R05130,1
R05131,1
R05132,1
R05133,1
R05134,0
R05135,0
R05136,0
R05137,1
R05138,1
R05139,0
R05140,1
R05141,0
R05142,0
R05143,0
R05144,1
R05145,1
R05146,1
R05147,1
R05148,0
R05149,0
R05150,1
R05151,1
R05152,1
R05153,0
R05154,0
R05155,0
R05156,0
R05157,1
R05158,1
R05159,1
R05160,1
R05161,0
R05162,0
R05163,1
R05164,0
R05165,0
R05166,0
R05167,1
R05168,1
R05169,0
R05170,0
R05171,0
R05172,0
R05173,0
R05174,0
R05175,0
R05176,1
R05177,1
R05178,1
R05179,1
R05180,1
R05181,0
R05182,1
R05183,0
R05184,0
R05185,1
R05186,1
R05187,0
R05188,1
R05189,0
R05190,1
R05191,1
R05192,1
R05193,1
R05194,0
R05195,0
R05196,1
R05197,1
R05198,0
R05199,0
R05200,1
R05201,1
R05202,1
R05203,1
R05204,1
R05205,1
R05206,0
R05207,1
R05208,0
R05209,1
R05210,0
R05211,1
R05212,1
R05213,1
R05214,0
R05215,1
R05216,0
R05217,1
R05218,1
R05219,0
R05220,1
R05221,0
R05222,1
R05223,0
R05224,0
R05225,1
R05226,1
R05227,1
R05228,1
R05229,0
R05230,1
R05231,1
R05232,1
R05233,1
R05234,1
R05235,0
R05236,0
R05237,1
R05238,0
R05239,0
R05240,0
R05241,1
R05242,1
R05243,1
R05244,1
R05245,0
R05246,1
R05247,1
R05248,0
R05249,1
R05250,1
R05251,1
R05252,1
R05253,1
R05254,1
R05255,1
R05256,1
R05257,1
R05258,1
R05259,1
R05260,1
R05261,1
R05262,0
R05263,0
R05264,0
R05265,0
R05266,0
R05267,1
R05268,0
R05269,1
R05270,1
R05271,0
R05272,1
R05273,1
R05274,1
R05275,1
R05276,1
R05277,1
R05278,1
R05279,0
R05280,0
R05281,1
R05282,1
R05283,1
R05284,0
R05285,1
R05286,1
R05287,1
R05288,1
R05289,1
R05290,1
R05291,0
R05292,1
R05293,0
R05294,1
R05295,0
R05296,0
R05297,0
R05298,0
R05299,1
R05300,0
R05301,0
R05302,0
R05303,1
R05304,1
R05305,1
R05306,0
R05307,1
R05308,0
R05309,0
R05310,0
R05311,1
R05312,0
R05313,0
R05314,0
R05315,0
R05316,1
R05317,1
R05318,1
R05319,1
R05320,0
R05321,0
R05322,0
R05323,1
R05324,0
R05325,0
R05326,0
R05327,1
R05328,1
R05329,0
R05330,1
R05331,1
R05332,0
R05333,0
R05334,0
R05335,0
R05336,0
R05337,1
R05338,1
R05339,0
R05340,1
R05341,1
R05342,1
R05343,1
R05344,1
R05345,1
R05346,0
R05347,1
R05348,1
R05349,0
R05350,0
R05351,0
R05352,1
R05353,1
R05354,1
R05355,1
R05356,0
R05357,1
R05358,0
R05359,0
R05360,1
R05361,0
R05362,1
R05363,1
R05364,0
R05365,1
R05366,0
R05367,0
R05368,0
R05369,1
R05370,1
R05371,1
R05372,1
R05373,1
R05374,1
R05375,1
R05376,1
R05377,0
R05378,1
R05379,1
R05380,0
R05381,1
R05382,1
R05383,0
R05384,0
R05385,0
R05386,1
R05387,1
R05388,1
R05389,1
R05390,0
R05391,1
R05392,1
R05393,0
R05394,0
R05395,1
R05396,0
R05397,1
R05398,1
R05399,1
R05400,0
R05401,1
R05402,0
R05403,1
R05404,1
R05405,0
R05406,0
R05407,1
R05408,0
R05409,1
R05410,1
R05411,0
R05412,1
R05413,1
R05414,0
R05415,0
R05416,1
R05417,1
R05418,1
R05419,1
R05420,0
R05421,0
R05422,1
R05423,1
R05424,0
R05425,0
R05426,1
R05427,1
R05428,1
R05429,0
R05430,1
R05431,1
R05432,1
R05433,0
R05434,0
R05435,1
R05436,1
R05437,1
R05438,0
R05439,1
R05440,1
R05441,1
R05442,0
R05443,1
R05444,1
R05445,1
R05446,1
R05447,1
R05448,1
R05449,1
R05450,1
R05451,0
R05452,1
R05453,0
R05454,1
R05455,1
R05456,1
R05457,1
R05458,1
R05459,1
R05460,1
R05461,0
R05462,0
R05463,1
R05464,1
R05465,1
R05466,0
R05467,0
R05468,0
R05469,1
R05470,0
R05471,1
R05472,1
R05473,1
R05474,0
R05475,0
R05476,1
R05477,1
R05478,0
R05479,1
R05480,0
R05481,1
R05482,1
R05483,1
R05484,0
R05485,1
R05486,1
R05487,1
R05488,1
R05489,1
R05490,0
R05491,1
R05492,1
R05493,1
R05494,1
R05495,1
R05496,1
R05497,1
R05498,1
R05499,1
R05500,0
R05501,1
R05502,1
R05503,1
R05504,1
R05505,1
R05506,0
R05507,1
R05508,0
R05509,1
R05510,1
R05511,1
R05512,1
R05513,1
R05514,0
R05515,1
R05516,1
R05517,1
R05518,1
R05519,1
R05520,1
R05521,1
R05522,0
R05523,1
R05524,1
R05525,1
R05526,1
R05527,1
R05528,1
R05529,0
R05530,0
R05531,1
R05532,1
R05533,1
R05534,1
R05535,0
R05536,1
R05537,0
R05538,0
R05539,1
R05540,1
R05541,0
R05542,1
R05543,1
R05544,1
R05545,1
R05546,0
R05547,1
R05548,1
R05549,1
R05550,1
R05551,0
R05552,1
R05553,1
R05554,0
R05555,0
R05556,1
R05557,1
R05558,1
R05559,1
R05560,0
R05561,1
R05562,1
R05563,1
R05564,1
R05565,0
R05566,1
R05567,1
R05568,0
R05569,1
R05570,1
R05571,1
R05572,1
R05573,0
R05574,1
R05575,1
R05576,1
R05577,0
R05578,1
R05579,1
R05580,1
R05581,1
R05582,0
R05583,1
R05584,1
R05585,1
R05586,1
R05587,1
R05588,1
R05589,1
R05590,0
R05591,0
R05592,1
R05593,1
R05594,1
R05595,0
R05596,1
R05597,1
R05598,1
R05599,1
R05600,1
R05601,1
R05602,1
R05603,0
R05604,0
R05605,1
R05606,0
R05607,1
R05608,1
R05609,1
R05610,1
R05611,1
R05612,1
R05613,0
R05614,0
R05615,1
R05616,1
R05617,1
R05618,1
R05619,1
R05620,1
R05621,0
R05622,0
R05623,1
R05624,0
R05625,1
R05626,0
R05627,1
R05628,0
R05629,1
R05630,0
R05631,1
R05632,1
R05633,1
R05634,1
R05635,1
R05636,0
R05637,1
R05638,1
R05639,1
R05640,1
R05641,1
R05642,0
R05643,1
R05644,1
R05645,1
R05646,0
R05647,1
R05648,1
R05649,1
R05650,1
R05651,1
R05652,1
R05653,0
R05654,1
R05655,1
R05656,1
R05657,1
R05658,0
R05659,1
R05660,1
R05661,1
R05662,0
R05663,0
R05664,1
R05665,1
R05666,1
R05667,1
R05668,0
R05669,1
R05670,1
R05671,1
R05672,1
R05673,1
R05674,1
R05675,1
R05676,1
R05677,1
R05678,0
R05679,1
R05680,0
R05681,1
R05682,1
R05683,0
R05684,1
R05685,1
R05686,1
R05687,1
R05688,0
R05689,1
R05690,1
R05691,0
R05692,1
R05693,0
R05694,1
R05695,1
R05696,0
R05697,1
R05698,1
R05699,1
R05700,1
R05701,1
R05702,1
R05703,1
R05704,1
R05705,1
R05706,0
R05707,1
R05708,1
R05709,1
R05710,1
R05711,1
R05712,1
R05713,1
R05714,0
R05715,0
R05716,1
R05717,1
R05718,0
R05719,1
R05720,1
R05721,1
R05722,1
R05723,1
R05724,1
R05725,1
R05726,0
R05727,1
R05728,1
R05729,0
R05730,1
R05731,1
R05732,1
R05733,1
R05734,1
R05735,1
R05736,1
R05737,1
R05738,1
R05739,1
R05740,0
R05741,1
R05742,0
R05743,0
R05744,1
R05745,1
R05746,0
R05747,1
R05748,1
R05749,1
R05750,1
R05751,0
R05752,1
R05753,1
R05754,1
R05755,1
R05756,1
R05757,0
R05758,1
R05759,1
R05760,0
R05761,1
R05762,1
R05763,1
R05764,0
R05765,1
R05766,1
R05767,1
R05768,0
R05769,1
R05770,1
R05771,0
R05772,1
R05773,1
R05774,0
R05775,1
R05776,1
R05777,0
R05778,1
R05779,1
R05780,1
R05781,1
R05782,1
R05783,1
R05784,1
R05785,1
R05786,1
R05787,1
R05788,1
R05789,1
R05790,1
R05791,1
R05792,0
R05793,1
R05794,1
R05795,1
R05796,1
R05797,0
R05798,1
R05799,1
R05800,1
R05801,1
R05802,1
R05803,1
R05804,1
R05805,0
R05806,0
R05807,1
R05808,1
R05809,1
R05810,1
R05811,1
R05812,1
R05813,1
R05814,1
R05815,1
R05816,0
R05817,1
R05818,1
R05819,0
R05820,1
R05821,1
R05822,1
R05823,1
R05824,1
R05825,1
R05826,1
R05827,1
R05828,1
R05829,1
R05830,1
R05831,0
R05832,1
R05833,1
R05834,1
R05835,1
R05836,0
R05837,1
R05838,0
R05839,1
R05840,0
R05841,1
R05842,1
R05843,1
R05844,1
R05845,1
R05846,1
R05847,0
R05848,1
R05849,0
R05850,0
R05851,1
R05852,1
R05853,1
R05854,0
R05855,1
R05856,1
R05857,1
R05858,0
R05859,0
R05860,0
R05861,1
R05862,1
R05863,1
R05864,1
R05865,1
R05866,1
R05867,0
R05868,1
R05869,1
R05870,1
R05871,1
R05872,1
R05873,1
R05874,1
R05875,1
R05876,0
R05877,0
R05878,1
R05879,1
R05880,0
R05881,1
R05882,1
R05883,1
R05884,1
R05885,1
R05886,0
R05887,1
R05888,0
R05889,1
R05890,1
R05891,1
R05892,1
R05893,1
R05894,1
R05895,1
R05896,1
R05897,0
R05898,1
R05899,1
R05900,1
R05901,1
R05902,1
R05903,0
R05904,1
R05905,1
R05906,0
R05907,1
R05908,0
R05909,1
R05910,1
R05911,1
R05912,0
R05913,1
R05914,1
R05915,1
R05916,0
R05917,1
R05918,1
R05919,1
R05920,1
R05921,1
R05922,1
R05923,0
R05924,1
R05925,1
R05926,1
R05927,1
R05928,1
R05929,1
R05930,1
R05931,1
R05932,1
R05933,0
R05934,0
R05935,0
R05936,1
R05937,1
R05938,1
R05939,1
R05940,1
R05941,1
R05942,1
R05943,0
R05944,1
R05945,0
R05946,1
R05947,1
R05948,1
R05949,1
R05950,1
R05951,1
R05952,0
R05953,1
R05954,1
R05955,1
R05956,1
R05957,1
R05958,1
R05959,1
R05960,0
R05961,1
R05962,0
R05963,1
R05964,1
R05965,1
R05966,0
R05967,1
R05968,1
R05969,1
R05970,0
R05971,1
R05972,1
R05973,1
R05974,0
R05975,1
R05976,1
R05977,0
R05978,1
R05979,1
R05980,0
R05981,0
R05982,1
R05983,1
R05984,0
R05985,1
R05986,0
R05987,1
R05988,1
R05989,0
R05990,1
R05991,0
R05992,1
R05993,0
R05994,0
R05995,1
R05996,1
R05997,1
R05998,1
R05999,1
R06000,0
R06001,1
R06002,1
R06003,1
R06004,1
R06005,1
R06006,1
R06007,1
R06008,1
R06009,0
R06010,0
R06011,0
R06012,0
R06013,1
R06014,1
R06015,1
R06016,1
R06017,1
R06018,0
R06019,1
R06020,1
R06021,1
R06022,1
R06023,1
R06024,0
R06025,1
R06026,1
R06027,1
R06028,0
R06029,1
R06030,1
R06031,0
R06032,1
R06033,1
R06034,1
R06035,1
R06036,0
R06037,1
R06038,0
R06039,1
R06040,1
R06041,1
R06042,1
R06043,1
R06044,1
R06045,1
R06046,1
R06047,1
R06048,1
R06049,1
R06050,0
R06051,1
R06052,1
R06053,0
R06054,1
R06055,1
R06056,0
R06057,0
R06058,0
R06059,0
R06060,1
R06061,1
R06062,1
R06063,0
R06064,0
R06065,0
R06066,1
R06067,1
R06068,1
R06069,1
R06070,1
R06071,1
R06072,1
R06073,1
R06074,1
R06075,1
R06076,1
R06077,1
R06078,1
R06079,1
R06080,1
R06081,0
R06082,0
R06083,1
R06084,1
R06085,1
R06086,1
R06087,1
R06088,1
R06089,0
R06090,1
R06091,0
R06092,1
R06093,0
R06094,1
R06095,0
R06096,0
R06097,1
R06098,1
R06099,1
R06100,1
R06101,1
R06102,0
R06103,1
R06104,0
R06105,0
R06106,1
R06107,1
R06108,1
R06109,1
R06110,1
R06111,0
R06112,1
R06113,1
R06114,0
R06115,1
R06116,1
R06117,0
R06118,0
R06119,1
R06120,1
R06121,1
R06122,1
R06123,0
R06124,1
R06125,1
R06126,1
R06127,1
R06128,0
R06129,1
R06130,0
R06131,0
R06132,1
R06133,0
R06134,1
R06135,0
R06136,1
R06137,1
R06138,1
R06139,0
R06140,1
R06141,0
R06142,1
R06143,1
R06144,1
R06145,1
R06146,1
R06147,1
R06148,1
R06149,0
R06150,0
R06151,0
R06152,1
R06153,1
R06154,1
R06155,0
R06156,1
R06157,1
R06158,1
R06159,1
R06160,1
R06161,1
R06162,0
R06163,1
R06164,1
R06165,1
R06166,1
R06167,1
R06168,1
R06169,1
R06170,1
R06171,1
R06172,1
R06173,0
R06174,1
R06175,0
R06176,1
R06177,1
R06178,1
R06179,1
R06180,1
R06181,1
R06182,0
R06183,1
R06184,1
R06185,1
R06186,0
R06187,1
R06188,1
R06189,0
R06190,1
R06191,1
R06192,0
R06193,1
R06194,0
R06195,0
R06196,1
R06197,1
R06198,1
R06199,1
R06200,1
R06201,1
R06202,1
R06203,1
R06204,1
R06205,1
R06206,1
R06207,0
R06208,1
R06209,1
R06210,1
R06211,0
R06212,1
R06213,1
R06214,0
R06215,1
R06216,1
R06217,1
R06218,1
R06219,0
R06220,1
R06221,1
R06222,0
R06223,1
R06224,1
R06225,1
R06226,1
R06227,1
R06228,1
R06229,0
R06230,1
R06231,1
R06232,1
R06233,1
R06234,1
R06235,0
R06236,1
R06237,0
R06238,1
R06239,1
R06240,1
R06241,1
R06242,1
R06243,1
R06244,0
R06245,1
R06246,1
R06247,1
R06248,1
R06249,0
R06250,1
R06251,1
R06252,0
R06253,1
R06254,1
R06255,0
R06256,1
R06257,0
R06258,0
R06259,1
R06260,1
R06261,1
R06262,1
R06263,0
R06264,1
R06265,1
R06266,0
R06267,1
R06268,0
R06269,0
R06270,1
R06271,1
R06272,1
R06273,1
R06274,1
R06275,1
R06276,1
R06277,0
R06278,1
R06279,1
R06280,0
R06281,0
R06282,1
R06283,1
R06284,1
R06285,1
R06286,1
R06287,0
R06288,0
R06289,1
R06290,0
R06291,1
R06292,1
R06293,0
R06294,1
R06295,0
R06296,1
R06297,1
R06298,1
R06299,1
R06300,1
R06301,0
R06302,1
R06303,1
R06304,1
R06305,1
R06306,0
R06307,1
R06308,0
R06309,1
R06310,1
R06311,0
R06312,1
R06313,0
R06314,0
R06315,1
R06316,0
R06317,0
R06318,1
R06319,1
R06320,0
R06321,1
R06322,1
R06323,0
R06324,1
R06325,1
R06326,1
R06327,0
R06328,1
R06329,0
R06330,0
R06331,1
R06332,1
R06333,1
R06334,0
R06335,0
R06336,1
R06337,1
R06338,0
R06339,1
R06340,1
R06341,1
R06342,1
R06343,0
R06344,1
R06345,0
R06346,1
R06347,1
R06348,1
R06349,1
R06350,0
R06351,1
R06352,1
R06353,1
R06354,0
R06355,1
R06356,0
R06357,1
R06358,0
R06359,0
R06360,1
R06361,0
R06362,1
R06363,1
R06364,1
R06365,0
R06366,1
R06367,1
R06368,1
R06369,0
R06370,0
R06371,1
R06372,0
R06373,0
R06374,1
R06375,1
R06376,1
R06377,1
R06378,0
R06379,1
R06380,1
R06381,1
R06382,1
R06383,1
R06384,0
R06385,0
R06386,1
R06387,1
R06388,1
R06389,1
R06390,1
R06391,1
R06392,1
R06393,1
R06394,1
R06395,1
R06396,1
R06397,1
R06398,1
R06399,1
R06400,1
R06401,1
R06402,1
R06403,0
R06404,1
R06405,0
R06406,1
R06407,0
R06408,1
R06409,1
R06410,0
R06411,0
R06412,1
R06413,0
R06414,0
R06415,1
R06416,0
R06417,0
R06418,1
R06419,1
R06420,1
R06421,0
R06422,1
R06423,1
R06424,1
R06425,1
R06426,0
R06427,1
R06428,1
R06429,1
R06430,1
R06431,0
R06432,1
R06433,1
R06434,1
R06435,0
R06436,0
R06437,0
R06438,1
R06439,0
R06440,0
R06441,1
R06442,1
R06443,0
R06444,0
R06445,1
R06446,1
R06447,1
R06448,1
R06449,1
R06450,0
R06451,1
R06452,1
R06453,1
R06454,1
R06455,1
R06456,1
R06457,1
R06458,1
R06459,0
R06460,1
R06461,1
R06462,1
R06463,1
R06464,1
R06465,1
R06466,1
R06467,1
R06468,0
R06469,1
R06470,0
R06471,1
R06472,1
R06473,1
R06474,1
R06475,1
R06476,1
R06477,1
R06478,0
R06479,1
R06480,0
R06481,1
R06482,0
R06483,1
R06484,1
R06485,1
R06486,0
R06487,1
R06488,1
R06489,1
R06490,1
R06491,0
R06492,1
R06493,1
R06494,1
R06495,1
R06496,1
R06497,1
R06498,0
R06499,1
R06500,1
R06501,1
R06502,1
R06503,1
R06504,1
R06505,1
R06506,1
R06507,1
R06508,0
R06509,1
R06510,1
R06511,0
R06512,1
R06513,0
R06514,1
R06515,0
R06516,0
R06517,1
R06518,1
R06519,1
R06520,0
R06521,0
R06522,0
R06523,1
R06524,0
R06525,0
R06526,0
R06527,0
R06528,1
R06529,1
R06530,0
R06531,1
R06532,1
R06533,1
R06534,1
R06535,1
R06536,1
R06537,0
R06538,1
R06539,0
R06540,0
R06541,0
R06542,1
R06543,1
R06544,1
R06545,0
R06546,0
R06547,1
R06548,1
R06549,0
R06550,0
R06551,1
R06552,0
R06553,0
R06554,1
R06555,1
R06556,1
R06557,1
R06558,0
R06559,1
R06560,1
R06561,1
R06562,1
R06563,0
R06564,0
R06565,1
R06566,0
R06567,1
R06568,0
R06569,1
R06570,1
R06571,0
R06572,1
R06573,0
R06574,1
R06575,1
R06576,1
R06577,0
R06578,0
R06579,0
R06580,1
R06581,1
R06582,0
R06583,0
R06584,1
R06585,1
R06586,1
R06587,0
R06588,1
R06589,1
R06590,1
R06591,0
R06592,1
R06593,0
R06594,1
R06595,1
R06596,1
R06597,0
R06598,1
R06599,0
R06600,0
R06601,0
R06602,1
R06603,1
R06604,0
R06605,0
R06606,1
R06607,1
R06608,1
R06609,0
R06610,1
R06611,0
R06612,0
R06613,1
R06614,1
R06615,0
R06616,0
R06617,1
R06618,1
R06619,1
R06620,1
R06621,1
R06622,1
R06623,0
R06624,0
R06625,1
R06626,1
R06627,0
R06628,1
R06629,1
R06630,1
R06631,1
R06632,1
R06633,1
R06634,1
R06635,0
R06636,1
R06637,1
R06638,1
R06639,1
R06640,1
R06641,1
R06642,0
R06643,1
R06644,1
R06645,1
R06646,0
R06647,0
R06648,0
R06649,0
R06650,1
R06651,1
R06652,0
R06653,1
R06654,1
R06655,0
R06656,0
R06657,1
R06658,1
R06659,1
R06660,0
R06661,1
R06662,1
R06663,1
R06664,0
R06665,1
R06666,0
R06667,0
R06668,1
R06669,0
R06670,1
R06671,0
R06672,1
R06673,1
R06674,1
R06675,1
R06676,0
R06677,0
R06678,1
R06679,1
R06680,0
R06681,1
R06682,1
R06683,0
R06684,0
R06685,0
R06686,1
R06687,1
R06688,1
R06689,1
R06690,1
R06691,1
R06692,1
R06693,1
R06694,1
R06695,1
R06696,0
R06697,0
R06698,0
R06699,0
R06700,1
R06701,1
R06702,0
R06703,1
R06704,1
R06705,0
R06706,0
R06707,0
R06708,1
R06709,1
R06710,1
R06711,0
R06712,1
R06713,1
R06714,1
R06715,1
R06716,1
R06717,1
R06718,1
R06719,1
R06720,1
R06721,0
R06722,0
R06723,0
R06724,1
R06725,1
R06726,1
R06727,0
R06728,1
R06729,0
R06730,0
R06731,0
R06732,1
R06733,1
R06734,1
R06735,1
R06736,1
R06737,0
R06738,1
R06739,0
R06740,1
R06741,1
R06742,1
R06743,1
R06744,0
R06745,0
R06746,1
R06747,0
R06748,1
R06749,1
R06750,1
R06751,0
R06752,1
R06753,1
R06754,0
R06755,0
R06756,0
R06757,1
R06758,1
R06759,1
R06760,1
R06761,1
R06762,1
R06763,0
R06764,0
R06765,1
R06766,1
R06767,0
R06768,1
R06769,1
R06770,1
R06771,1
R06772,1
R06773,1
R06774,1
R06775,1
R06776,1
R06777,1
R06778,1
R06779,1
R06780,0
R06781,1
R06782,0
R06783,0
R06784,1
R06785,1
R06786,1
R06787,1
R06788,0
R06789,1
R06790,1
R06791,1
R06792,0
R06793,0
R06794,0
R06795,1
R06796,1
R06797,0
R06798,1
R06799,1
R06800,1
R06801,0
R06802,0
R06803,1
R06804,1
R06805,1
R06806,1
R06807,0
R06808,1
R06809,0
R06810,0
R06811,0
R06812,1
R06813,1
R06814,1
R06815,0
R06816,1
R06817,1
R06818,1
R06819,1
R06820,1
R06821,1
R06822,1
R06823,1
R06824,1
R06825,1
R06826,1
R06827,0
R06828,0
R06829,1
R06830,1
R06831,1
R06832,1
R06833,1
R06834,1
R06835,0
R06836,0
R06837,1
R06838,0
R06839,0
R06840,0
R06841,0
R06842,0
R06843,0
R06844,0
R06845,1
R06846,1
R06847,1
R06848,1
R06849,1
R06850,1
R06851,0
R06852,1
R06853,1
R06854,1
R06855,0
R06856,0
R06857,0
R06858,1
R06859,1
R06860,0
R06861,1
R06862,0
R06863,0
R06864,0
R06865,1
R06866,1
R06867,1
R06868,1
R06869,0
R06870,1
R06871,0
R06872,1
R06873,1
R06874,1
R06875,1
R06876,0
R06877,1
R06878,0
R06879,1
R06880,1
R06881,1
R06882,1
R06883,1
R06884,1
R06885,0
R06886,0
R06887,0
R06888,1
R06889,0
R06890,0
R06891,1
R06892,0
R06893,0
R06894,0
R06895,1
R06896,1
R06897,1
R06898,0
R06899,1
R06900,1
R06901,0
R06902,0
R06903,1
R06904,1
R06905,1
R06906,1
R06907,0
R06908,0
R06909,1
R06910,1
R06911,1
R06912,1
R06913,1
R06914,1
R06915,1
R06916,1
R06917,0
R06918,0
R06919,0
R06920,0
R06921,1
R06922,1
R06923,1
R06924,0
R06925,1
R06926,0
R06927,1
R06928,1
R06929,1
R06930,1
R06931,0
R06932,1
R06933,0
R06934,1
R06935,1
R06936,1
R06937,1
R06938,0
R06939,1
R06940,1
R06941,0
R06942,1
R06943,0
R06944,1
R06945,1
R06946,1
R06947,1
R06948,1
R06949,0
R06950,1
R06951,1
R06952,1
R06953,1
R06954,0
R06955,0
R06956,1
R06957,0
R06958,1
R06959,1
R06960,1
R06961,1
R06962,1
R06963,1
R06964,0
R06965,0
R06966,0
R06967,1
R06968,1
R06969,0
R06970,1
R06971,0
R06972,1
R06973,1
R06974,0
R06975,0
R06976,1
R06977,1
R06978,1
R06979,1
R06980,1
R06981,1
R06982,1
R06983,1
R06984,1
R06985,1
R06986,1
R06987,1
R06988,1
R06989,0
R06990,1
R06991,1
R06992,0
R06993,1
R06994,1
R06995,1
R06996,1
R06997,1
R06998,1
R06999,1
R07000,1
R07001,1
R07002,1
R07003,1
R07004,1
R07005,1
R07006,0
R07007,1
R07008,1
R07009,1
R07010,1
R07011,1
R07012,0
R07013,1
R07014,1
R07015,1
R07016,0
R07017,1
R07018,0
R07019,1
R07020,1
R07021,1
R07022,1
R07023,0
R07024,1
R07025,0
R07026,1
R07027,1
R07028,0
R07029,1
R07030,1
R07031,0
R07032,0
R07033,1
R07034,1
R07035,0
R07036,1
R07037,0
R07038,0
R07039,0
R07040,1
R07041,1
R07042,1
R07043,1
R07044,1
R07045,0
R07046,1
R07047,1
R07048,1
R07049,1
R07050,1
R07051,1
R07052,1
R07053,1
R07054,0
R07055,1
R07056,1
R07057,1
R07058,0
R07059,1
R07060,1
R07061,1
R07062,0
R07063,1
R07064,1
R07065,0
R07066,1
R07067,1
R07068,0
R07069,0
R07070,0
R07071,1
R07072,1
R07073,1
R07074,1
R07075,0
R07076,1
R07077,0
R07078,1
R07079,0
R07080,0
R07081,1
R07082,1
R07083,1
R07084,1
R07085,0
R07086,0
R07087,1
R07088,1
R07089,1
R07090,0
R07091,1
R07092,1
R07093,1
R07094,1
R07095,1
R07096,1
R07097,1
R07098,0
R07099,1
R07100,0
R07101,1
R07102,0
R07103,1
R07104,1
R07105,1
R07106,1
R07107,1
R07108,0
R07109,1
R07110,1
R07111,0
R07112,1
R07113,0
R07114,1
R07115,0
R07116,1
R07117,1
R07118,1
R07119,1
R07120,1
R07121,1
R07122,1
R07123,1
R07124,0
R07125,0
R07126,1
R07127,0
R07128,1
R07129,1
R07130,0
R07131,0
R07132,1
R07133,1
R07134,1
R07135,0
R07136,1
R07137,1
R07138,1
R07139,0
R07140,0
R07141,1
R07142,1
R07143,1
R07144,1
R07145,1
R07146,0
R07147,1
R07148,1
R07149,1
R07150,1
R07151,0
R07152,1
R07153,1
R07154,1
R07155,1
R07156,1
R07157,1
R07158,1
R07159,1
R07160,0
R07161,0
R07162,1
R07163,1
R07164,1
R07165,1
R07166,1
R07167,1
R07168,0
R07169,1
R07170,1
R07171,0
R07172,0
R07173,1
R07174,0
R07175,0
R07176,1
R07177,1
R07178,1
R07179,0
R07180,1
R07181,1
R07182,1
R07183,1
R07184,0
R07185,1
R07186,1
R07187,1
R07188,0
R07189,1
R07190,0
R07191,1
R07192,1
R07193,0
R07194,0
R07195,0
R07196,1
R07197,0
R07198,1
R07199,0
R07200,1
R07201,0
R07202,1
R07203,1
R07204,0
R07205,1
R07206,1
R07207,1
R07208,1
R07209,1
R07210,1
R07211,0
R07212,1
R07213,0
R07214,1
R07215,1
R07216,1
R07217,0
R07218,1
R07219,1
R07220,1
R07221,1
R07222,1
R07223,0
R07224,0
R07225,1
R07226,1
R07227,0
R07228,0
R07229,1
R07230,0
R07231,1
R07232,1
R07233,1
R07234,1
R07235,1
R07236,1
R07237,0
R07238,1
R07239,1
R07240,1
R07241,1
R07242,0
R07243,1
R07244,1
R07245,1
R07246,1
R07247,0
R07248,0
R07249,1
R07250,1
R07251,0
R07252,1
R07253,1
R07254,0
R07255,1
R07256,0
R07257,0
R07258,0
R07259,1
R07260,1
R07261,1
R07262,1
R07263,1
R07264,1
R07265,1
R07266,1
R07267,1
R07268,0
R07269,1
R07270,0
R07271,0
R07272,0
R07273,1
R07274,0
R07275,0
R07276,1
R07277,0
R07278,1
R07279,0
R07280,1
R07281,1
R07282,1
R07283,1
R07284,0
R07285,1
R07286,0
R07287,1
R07288,1
R07289,1
R07290,1
R07291,0
R07292,1
R07293,1
R07294,0
R07295,1
R07296,1
R07297,1
R07298,1
R07299,1
R07300,0
R07301,1
R07302,1
R07303,1
R07304,1
R07305,1
R07306,0
R07307,0
R07308,1
R07309,1
R07310,1
R07311,0
R07312,1
R07313,1
R07314,1
R07315,1
R07316,1
R07317,0
R07318,0
R07319,1
R07320,0
R07321,1
R07322,1
R07323,1
R07324,0
R07325,0
R07326,0
R07327,1
R07328,1
R07329,1
R07330,1
R07331,1
R07332,1
R07333,0
R07334,1
R07335,1
R07336,0
R07337,0
R07338,0
R07339,0
R07340,1
R07341,0
R07342,1
R07343,0
R07344,1
R07345,1
R07346,1
R07347,0
R07348,0
R07349,1
R07350,1
R07351,1
R07352,0
R07353,1
R07354,0
R07355,0
R07356,1
R07357,1
R07358,1
R07359,1
R07360,0
R07361,1
R07362,0
R07363,0
R07364,1
R07365,1
R07366,1
R07367,1
R07368,1
R07369,1
R07370,1
R07371,1
R07372,1
R07373,1
R07374,0
R07375,0
R07376,1
R07377,1
R07378,1
R07379,1
R07380,0
R07381,1
R07382,1
R07383,1
R07384,1
R07385,1
R07386,0
R07387,1
R07388,1
R07389,1
R07390,1
R07391,1
R07392,0
R07393,1
R07394,1
R07395,1
R07396,0
R07397,1
R07398,0
R07399,1
R07400,1
R07401,1
R07402,1
R07403,0
R07404,1
R07405,1
R07406,1
R07407,1
R07408,0
R07409,1
R07410,0
R07411,1
R07412,1
R07413,1
R07414,1
R07415,1
R07416,1
R07417,1
R07418,1
R07419,0
R07420,0
R07421,1
R07422,1
R07423,1
R07424,1
R07425,1
R07426,1
R07427,1
R07428,1
R07429,0
R07430,0
R07431,0
R07432,0
R07433,1
R07434,1
R07435,1
R07436,0
R07437,1
R07438,0
R07439,1
R07440,1
R07441,1
R07442,1
R07443,1
R07444,1
R07445,1
R07446,1
R07447,1
R07448,1
R07449,0
R07450,0
R07451,1
R07452,1
R07453,1
R07454,0
R07455,1
R07456,0
R07457,1
R07458,1
R07459,1
R07460,1
R07461,1
R07462,1
R07463,0
R07464,1
R07465,1
R07466,1
R07467,1
R07468,1
R07469,1
R07470,1
R07471,1
R07472,1
R07473,1
R07474,1
R07475,1
R07476,1
R07477,1
R07478,1
R07479,1
R07480,0
R07481,1
R07482,1
R07483,1
R07484,1
R07485,0
R07486,0
R07487,0
R07488,1
R07489,0
R07490,0
R07491,1
R07492,1
R07493,1
R07494,0
R07495,0
R07496,0
R07497,0
R07498,1
R07499,1
R07500,0
R07501,1
R07502,0
R07503,1
R07504,1
R07505,0
R07506,1
R07507,1
R07508,1
R07509,1
R07510,1
R07511,1
R07512,0
R07513,1
R07514,1
R07515,0
R07516,0
R07517,1
R07518,1
R07519,1
R07520,1
R07521,1
R07522,1
R07523,1
R07524,1
R07525,1
R07526,0
R07527,0
R07528,0
R07529,0
R07530,0
R07531,1
R07532,1
R07533,0
R07534,1
R07535,1
R07536,1
R07537,1
R07538,1
R07539,1
R07540,1
R07541,1
R07542,1
R07543,0
R07544,1
R07545,1
R07546,1
R07547,1
R07548,0
R07549,1
R07550,1
R07551,1
R07552,1
R07553,1
R07554,1
R07555,1
R07556,0
R07557,1
R07558,0
R07559,1
R07560,1
R07561,1
R07562,0
R07563,1
R07564,1
R07565,1
R07566,0
R07567,1
R07568,1
R07569,0
R07570,1
R07571,1
R07572,1
R07573,1
R07574,1
R07575,0
R07576,1
R07577,1
R07578,1
R07579,0
R07580,0
R07581,0
R07582,1
R07583,1
R07584,0
R07585,1
R07586,1
R07587,0
R07588,1
R07589,1
R07590,1
R07591,1
R07592,0
R07593,1
R07594,1
R07595,1
R07596,1
R07597,1
R07598,1
R07599,1
R07600,1
R07601,1
R07602,0
R07603,0
R07604,1
R07605,0
R07606,0
R07607,1
R07608,0
R07609,0
R07610,1
R07611,0
R07612,1
R07613,1
R07614,1
R07615,1
R07616,1
R07617,1
R07618,1
R07619,1
R07620,1
R07621,1
R07622,1
R07623,1
R07624,1
R07625,0
R07626,0
R07627,1
R07628,0
R07629,1
R07630,1
R07631,1
R07632,1
R07633,1
R07634,1
R07635,0
R07636,1
R07637,0
R07638,1
R07639,0
R07640,0
R07641,0
R07642,1
R07643,1
R07644,1
R07645,1
R07646,1
R07647,1
R07648,0
R07649,1
R07650,1
R07651,1
R07652,1
R07653,0
R07654,1
R07655,1
R07656,0
R07657,1
R07658,1
R07659,1
R07660,1
R07661,0
R07662,1
R07663,1
R07664,1
R07665,1
R07666,1
R07667,1
R07668,1
R07669,1
R07670,0
R07671,1
R07672,1
R07673,1
R07674,0
R07675,1
R07676,0
R07677,1
R07678,1
R07679,1
R07680,1
R07681,1
R07682,1
R07683,1
R07684,1
R07685,1
R07686,1
R07687,1
R07688,1
R07689,0
R07690,1
R07691,0
R07692,1
R07693,0
R07694,1
R07695,0
R07696,1
R07697,1
R07698,1
R07699,0
R07700,1
R07701,1
R07702,1
R07703,1
R07704,1
R07705,1
R07706,0
R07707,0
R07708,0
R07709,1
R07710,1
R07711,1
R07712,1
R07713,0
R07714,0
R07715,1
R07716,1
R07717,1
R07718,1
R07719,1
R07720,1
R07721,0
R07722,1
R07723,1
R07724,0
R07725,1
R07726,0
R07727,0
R07728,1
R07729,1
R07730,1
R07731,1
R07732,0
R07733,1
R07734,1
R07735,1
R07736,0
R07737,1
R07738,1
R07739,1
R07740,1
R07741,1
R07742,0
R07743,1
R07744,1
R07745,1
R07746,1
R07747,0
R07748,1
R07749,1
R07750,1
R07751,1
R07752,1
R07753,0
R07754,0
R07755,1
R07756,1
R07757,1
R07758,0
R07759,0
R07760,1
R07761,0
R07762,1
R07763,1
R07764,0
R07765,1
R07766,1
R07767,0
R07768,1
R07769,1
R07770,1
R07771,1
R07772,1
R07773,1
R07774,1
R07775,0
R07776,1
R07777,0
R07778,1
R07779,1
R07780,1
R07781,1
R07782,1
R07783,0
R07784,0
R07785,1
R07786,1
R07787,1
R07788,1
R07789,1
R07790,1
R07791,0
R07792,1
R07793,1
R07794,1
R07795,1
R07796,1
R07797,0
R07798,1
R07799,1
R07800,1
R07801,1
R07802,1
R07803,1
R07804,1
R07805,1
R07806,1
R07807,1
R07808,1
R07809,1
R07810,1
R07811,1
R07812,1
R07813,0
R07814,0
R07815,1
R07816,0
R07817,1
R07818,1
R07819,1
R07820,1
R07821,1
R07822,1
R07823,0
R07824,1
R07825,0
R07826,0
R07827,1
R07828,1
R07829,1
R07830,0
R07831,1
R07832,0
R07833,1
R07834,1
R07835,1
R07836,1
R07837,1
R07838,0
R07839,1
R07840,0
R07841,1
R07842,0
R07843,0
R07844,0
R07845,0
R07846,1
R07847,1
R07848,1
R07849,0
R07850,1
R07851,0
R07852,1
R07853,1
R07854,1
R07855,1
R07856,0
R07857,0
R07858,1
R07859,0
R07860,1
R07861,1
R07862,1
R07863,1
R07864,1
R07865,1
R07866,1
R07867,0
R07868,1
R07869,0
R07870,1
R07871,0
R07872,1
R07873,1
R07874,0
R07875,1
R07876,1
R07877,1
R07878,1
R07879,1
R07880,0
R07881,0
R07882,0
R07883,1
R07884,1
R07885,1
R07886,1
R07887,1
R07888,1
R07889,0
R07890,1
R07891,1
R07892,0
R07893,1
R07894,1
R07895,1
R07896,0
R07897,1
R07898,0
R07899,0
R07900,1
R07901,0
R07902,1
R07903,1
R07904,1
R07905,1
R07906,1
R07907,1
R07908,1
R07909,1
R07910,0
R07911,0
R07912,1
R07913,1
R07914,1
R07915,0
R07916,1
R07917,1
R07918,1
R07919,0
R07920,0
R07921,0
R07922,1
R07923,1
R07924,1
R07925,0
R07926,1
R07927,1
R07928,1
R07929,1
R07930,1
R07931,1
R07932,1
R07933,1
R07934,1
R07935,1
R07936,1
R07937,1
R07938,1
R07939,0
R07940,0
R07941,1
R07942,1
R07943,1
R07944,1
R07945,1
R07946,1
R07947,1
R07948,1
R07949,1
R07950,0
R07951,0
R07952,1
R07953,1
R07954,0
R07955,1
R07956,0
R07957,1
R07958,1
R07959,1
R07960,1
R07961,1
R07962,0
R07963,1
R07964,1
R07965,0
R07966,1
R07967,1
R07968,1
R07969,1
R07970,0
R07971,1
R07972,1
R07973,1
R07974,1
R07975,1
R07976,1
R07977,0
R07978,1
R07979,1
R07980,1
R07981,0
R07982,1
R07983,1
R07984,1
R07985,0
R07986,0
R07987,1
R07988,1
R07989,0
R07990,1
R07991,0
R07992,0
R07993,1
R07994,0
R07995,1
R07996,1
R07997,1
R07998,0
R07999,1
R08000,1
